-- phpMyAdmin SQL Dump
-- version 5.0.2
-- https://www.phpmyadmin.net/
--
-- Máy chủ: 127.0.0.1
-- Thời gian đã tạo: Th8 13, 2021 lúc 03:15 PM
-- Phiên bản máy phục vụ: 10.4.11-MariaDB
-- Phiên bản PHP: 7.4.6

SET SQL_MODE = "NO_AUTO_VALUE_ON_ZERO";
START TRANSACTION;
SET time_zone = "+00:00";


/*!40101 SET @OLD_CHARACTER_SET_CLIENT=@@CHARACTER_SET_CLIENT */;
/*!40101 SET @OLD_CHARACTER_SET_RESULTS=@@CHARACTER_SET_RESULTS */;
/*!40101 SET @OLD_COLLATION_CONNECTION=@@COLLATION_CONNECTION */;
/*!40101 SET NAMES utf8mb4 */;

--
-- Cơ sở dữ liệu: `webtour`
--

-- --------------------------------------------------------

--
-- Cấu trúc bảng cho bảng `categories`
--

CREATE TABLE `categories` (
  `id` bigint(20) UNSIGNED NOT NULL,
  `name` varchar(255) COLLATE utf8mb4_unicode_ci NOT NULL,
  `image` varchar(255) COLLATE utf8mb4_unicode_ci NOT NULL,
  `slug` varchar(255) COLLATE utf8mb4_unicode_ci NOT NULL,
  `parent_id` tinyint(3) NOT NULL DEFAULT 0,
  `position` tinyint(3) DEFAULT 0,
  `is_hot` bit(1) DEFAULT b'0',
  `is_active` bit(1) DEFAULT b'0',
  `user_id` int(11) NOT NULL DEFAULT 0,
  `created_at` timestamp NULL DEFAULT NULL,
  `updated_at` timestamp NULL DEFAULT NULL
) ENGINE=InnoDB DEFAULT CHARSET=utf8mb4 COLLATE=utf8mb4_unicode_ci;

--
-- Đang đổ dữ liệu cho bảng `categories`
--

INSERT INTO `categories` (`id`, `name`, `image`, `slug`, `parent_id`, `position`, `is_hot`, `is_active`, `user_id`, `created_at`, `updated_at`) VALUES
(1, 'Trong nước', 'uploads/category/1598524797_stock-vector-travel-banner-set-vector-template-design-with-travel-and-tour-text-and-world-s-famous-landmarks-and-1117357430.jpg', 'trong-nuoc', 0, 0, NULL, b'1', 0, '2020-08-27 03:39:57', '2020-08-27 03:39:57'),
(2, 'Nước ngoài', 'uploads/category/1598524813_324999-PA5F66-283.jpg', 'nuoc-ngoai', 0, 0, NULL, b'1', 0, '2020-08-27 03:40:13', '2020-08-27 03:40:13'),
(3, 'Đảo Honshu', 'uploads/category/1598524845_japan2.webp', 'dao-honshu', 2, 1, b'1', b'1', 0, '2020-08-27 03:40:45', '2020-09-21 06:41:58'),
(4, 'Phú Quốc', 'uploads/category/1598524905_phuquoc2.webp', 'phu-quoc', 1, 1, b'1', b'1', 0, '2020-08-27 03:41:45', '2020-09-21 06:41:47'),
(5, 'Paris', 'uploads/category/1598524938_3.jpg', 'paris', 2, 1, b'1', b'1', 0, '2020-08-27 03:42:18', '2020-09-21 06:41:33'),
(6, 'Hội An', 'uploads/category/1598524987_hoian.webp', 'hoi-an', 1, 1, b'1', b'1', 0, '2020-08-27 03:43:07', '2020-09-21 06:41:21'),
(7, 'Nha Trang', 'uploads/category/1598525019_nhatrang.webp', 'nha-trang', 1, 1, b'1', b'1', 0, '2020-08-27 03:43:39', '2020-09-21 06:41:07'),
(8, 'Bangkok', 'uploads/category/1598525047_bangkok.jpg', 'bangkok', 2, 1, b'1', b'1', 0, '2020-08-27 03:44:07', '2020-09-21 06:40:55'),
(9, 'Đà Nẵng', 'uploads/category/1598525091_danang.jpg', 'da-nang', 1, 1, b'1', b'1', 0, '2020-08-27 03:44:51', '2020-09-21 06:40:46'),
(10, 'Singapore', 'uploads/category/1598525112_singapore.jpg', 'singapore', 2, 1, b'1', b'1', 0, '2020-08-27 03:45:12', '2020-09-21 06:40:36'),
(11, 'Sapa', 'uploads/category/1598525168_sapa.webp', 'sapa', 1, 2, b'1', b'1', 0, '2020-08-27 03:46:08', '2020-09-21 06:40:27'),
(12, 'Vũng Tàu', 'uploads/category/1598525194_vungtau.webp', 'vung-tau', 1, 2, b'1', b'1', 0, '2020-08-27 03:46:34', '2020-09-21 06:40:13'),
(13, 'TP. Hồ Chí Minh', 'uploads/category/1598525250_hcm.webp', 'tp-ho-chi-minh', 1, 2, b'1', b'1', 0, '2020-08-27 03:47:30', '2020-09-21 06:40:02'),
(14, 'Bắc Kạn', 'uploads/category/1598525672_33971.jpg', 'bac-kan', 1, 2, b'1', b'1', 0, '2020-08-27 03:49:27', '2020-09-21 06:39:50'),
(15, 'Phan Thiết', 'uploads/category/1598525499_phanthiet.webp', 'phan-thiet', 1, 2, b'1', b'1', 0, '2020-08-27 03:51:39', '2020-09-21 06:39:36'),
(16, 'Hạ Long', 'uploads/category/1598525529_halong.webp', 'ha-long', 1, 2, b'1', b'1', 0, '2020-08-27 03:52:09', '2020-09-21 06:39:25'),
(17, 'Kuala Lumpur', 'uploads/category/1598525703_kuala-lumpur.jpg', 'kuala-lumpur', 2, 2, b'1', b'1', 0, '2020-08-27 03:55:03', '2020-09-21 06:39:16'),
(18, 'Seoul', 'uploads/category/1598532210_seoul.jpg', 'seoul', 2, 2, b'1', b'1', 0, '2020-08-27 03:55:54', '2020-09-21 06:39:05'),
(19, 'Đài Bắc', 'uploads/category/1598525805_taipei.jpg', 'dai-bac', 2, 2, b'1', b'1', 0, '2020-08-27 03:56:45', '2020-09-21 06:38:51'),
(20, 'Hồng Kông', 'uploads/category/1598525834_hongkong2.webp', 'hong-kong', 2, 2, b'1', b'1', 0, '2020-08-27 03:57:14', '2020-09-21 06:38:43'),
(21, 'Quảng Châu', 'uploads/category/1598525860_guang-zhou.webp', 'quang-chau', 2, 2, b'1', b'1', 0, '2020-08-27 03:57:40', '2020-09-21 06:38:32'),
(22, 'Xiêm Riệp', 'uploads/category/1598525883_siem-reap.jpg', 'xiem-riep', 2, 2, b'1', b'1', 0, '2020-08-27 03:58:03', '2020-09-21 06:38:23'),
(23, 'Đà Lạt', 'uploads/category/1598526074_dalat2.webp', 'da-lat', 1, 2, b'0', b'1', 0, '2020-08-27 04:01:14', '2020-09-21 06:38:13'),
(24, 'Hà Nội', 'uploads/category/1598531576_hanoi2.jpg', 'ha-noi', 1, 2, b'0', b'1', 0, '2020-08-27 05:32:56', '2020-09-21 06:38:02'),
(25, 'Bến Tre', 'uploads/category/1598531616_bentre2.webp', 'ben-tre', 1, 2, b'0', b'1', 0, '2020-08-27 05:33:36', '2020-09-21 06:37:52'),
(26, 'Trung Quốc', 'uploads/category/1598531662_china2.webp', 'trung-quoc', 2, 2, b'0', b'1', 0, '2020-08-27 05:34:22', '2020-09-21 06:37:41'),
(27, 'Campuchia', 'uploads/category/1598531714_campuchia2.webp', 'campuchia', 2, 2, b'0', b'1', 4, '2020-08-27 05:35:14', '2020-09-21 06:37:32');

-- --------------------------------------------------------

--
-- Cấu trúc bảng cho bảng `contacts`
--

CREATE TABLE `contacts` (
  `id` bigint(20) NOT NULL,
  `name` varchar(50) COLLATE utf8mb4_unicode_ci NOT NULL,
  `phone` varchar(20) COLLATE utf8mb4_unicode_ci NOT NULL,
  `email` varchar(50) COLLATE utf8mb4_unicode_ci NOT NULL,
  `content` text COLLATE utf8mb4_unicode_ci NOT NULL,
  `status` tinyint(1) NOT NULL DEFAULT 0,
  `note` varchar(255) COLLATE utf8mb4_unicode_ci DEFAULT NULL,
  `created_at` timestamp NULL DEFAULT NULL,
  `updated_at` timestamp NULL DEFAULT NULL
) ENGINE=InnoDB DEFAULT CHARSET=utf8mb4 COLLATE=utf8mb4_unicode_ci;

--
-- Đang đổ dữ liệu cho bảng `contacts`
--

INSERT INTO `contacts` (`id`, `name`, `phone`, `email`, `content`, `status`, `note`, `created_at`, `updated_at`) VALUES
(1, 'huy', '09456679321', 'huy@gmail.com', 'test contact', 2, NULL, '2020-09-26 05:38:13', '2020-09-26 07:27:16'),
(2, 'test', '097 839 1842', 'test@gmail.com', 'test', 1, '0', '2020-09-26 05:46:08', '2020-09-26 05:46:08'),
(3, 'test 2', '09456679321', 'test2@gmail.com', 'test 2', 1, NULL, '2020-09-26 19:32:38', '2020-09-26 19:32:38'),
(4, 'test 2', '09456679321', 'test2@gmail.com', 'test 2', 1, NULL, '2020-09-26 19:34:45', '2020-09-26 19:34:45'),
(5, 'test 2', '09456679321', 'test2@gmail.com', 'test 2', 1, NULL, '2020-09-26 19:35:18', '2020-09-26 19:35:18'),
(6, 'test 2', '09456679321', 'test2@gmail.com', 'test 2', 1, NULL, '2020-09-26 19:35:38', '2020-09-26 19:35:38');

-- --------------------------------------------------------

--
-- Cấu trúc bảng cho bảng `images`
--

CREATE TABLE `images` (
  `id` bigint(20) UNSIGNED NOT NULL,
  `name` varchar(255) COLLATE utf8mb4_unicode_ci NOT NULL,
  `tour_id` int(3) DEFAULT 0,
  `category_id` int(3) DEFAULT 0,
  `image` varchar(255) COLLATE utf8mb4_unicode_ci NOT NULL,
  `position` int(3) DEFAULT 0,
  `is_active` bit(1) DEFAULT b'0',
  `user_id` int(1) NOT NULL DEFAULT 0,
  `created_at` timestamp NULL DEFAULT NULL,
  `updated_at` timestamp NULL DEFAULT NULL
) ENGINE=InnoDB DEFAULT CHARSET=utf8mb4 COLLATE=utf8mb4_unicode_ci;

--
-- Đang đổ dữ liệu cho bảng `images`
--

INSERT INTO `images` (`id`, `name`, `tour_id`, `category_id`, `image`, `position`, `is_active`, `user_id`, `created_at`, `updated_at`) VALUES
(1, 'Đà Nẵng 1', 1, 0, 'uploads/image/1598537731_jpg', 1, b'1', 0, '2020-08-27 07:15:31', '2020-08-27 07:25:12'),
(2, 'Đà Nẵng 2', 1, 0, 'uploads/image/1598537756_jpg', 1, b'1', 0, '2020-08-27 07:15:56', '2020-08-27 07:25:08'),
(3, 'Đà Nẵng 3', 1, 0, 'uploads/image/1598537773_jpg', 1, b'1', 0, '2020-08-27 07:16:13', '2020-08-27 07:24:59'),
(4, 'Đà Nẵng', 2, 0, 'uploads/image/1598539342_jpg', 1, b'1', 0, '2020-08-27 07:42:22', '2020-08-27 07:46:43'),
(5, 'Da Nang', 3, 0, 'uploads/image/1598539864_jpg', 1, b'1', 0, '2020-08-27 07:51:04', '2020-08-27 07:51:10'),
(6, 'Đà Nẵng', 4, 0, 'uploads/image/1601550907_jpg', 1, b'1', 4, '2020-10-01 04:15:07', '2020-10-01 04:34:45'),
(7, 'Đà Nẵng', 4, 0, 'uploads/image/1601550947_jpg', 1, b'1', 4, '2020-10-01 04:15:47', '2020-10-01 04:34:37'),
(8, 'Đà Nẵng', 5, 0, 'uploads/image/1601551121_jpg', 1, b'1', 4, '2020-10-01 04:18:41', '2020-10-01 04:34:30'),
(9, 'Đà Nẵng', 5, 0, 'uploads/image/1601551614_jpg', 1, b'1', 4, '2020-10-01 04:26:54', '2020-10-01 04:34:23'),
(10, 'Đà Nẵng', 6, 0, 'uploads/image/1601551818_jpg', 1, b'1', 4, '2020-10-01 04:30:18', '2020-10-01 04:34:12'),
(11, 'Đà Nẵng', 6, 0, 'uploads/image/1601551857_jpg', 1, b'1', 4, '2020-10-01 04:30:57', '2020-10-01 04:34:04'),
(12, 'Đà Nẵng', 7, 0, 'uploads/image/1601551938_jpg', 1, b'1', 4, '2020-10-01 04:32:18', '2020-10-01 04:33:53'),
(13, 'Đà Nẵng', 7, 0, 'uploads/image/1601551977_jpg', 1, b'1', 4, '2020-10-01 04:32:57', '2020-10-01 04:33:47'),
(14, 'Singapore', 10, 0, 'uploads/image/1602653564_jpg', 1, b'1', 4, '2020-10-13 22:32:44', '2020-10-13 22:33:00'),
(15, 'Singapore2', 10, 0, 'uploads/image/1602653615_jpg', 1, b'1', 4, '2020-10-13 22:33:35', '2020-10-13 22:33:35'),
(16, 'japan', 9, 0, 'uploads/image/1602653771_jpg', 1, b'1', 4, '2020-10-13 22:36:11', '2020-10-13 22:36:11'),
(17, 'japan2', 9, 0, 'uploads/image/1602653813_jpg', 1, b'1', 4, '2020-10-13 22:36:53', '2020-10-13 22:36:53');

-- --------------------------------------------------------

--
-- Cấu trúc bảng cho bảng `migrations`
--

CREATE TABLE `migrations` (
  `id` int(10) UNSIGNED NOT NULL,
  `migration` varchar(255) COLLATE utf8mb4_unicode_ci NOT NULL,
  `batch` int(11) NOT NULL
) ENGINE=InnoDB DEFAULT CHARSET=utf8mb4 COLLATE=utf8mb4_unicode_ci;

--
-- Đang đổ dữ liệu cho bảng `migrations`
--

INSERT INTO `migrations` (`id`, `migration`, `batch`) VALUES
(1, '2020_08_27_102511_create_tours_table', 1),
(2, '2020_08_27_102555_create_categories_table', 1),
(3, '2020_08_27_102625_create_transport_table', 1),
(4, '2020_08_27_102645_create_positions_table', 1),
(5, '2020_08_27_102700_create_images_table', 1),
(6, '2020_08_31_093132_create_orders_table', 2),
(7, '2020_08_31_105633_create_order_detail_table', 2),
(8, '2020_08_31_105728_create_order_status_table', 2);

-- --------------------------------------------------------

--
-- Cấu trúc bảng cho bảng `orders`
--

CREATE TABLE `orders` (
  `id` bigint(20) UNSIGNED NOT NULL,
  `tour_id` int(5) NOT NULL,
  `user_name` varchar(255) COLLATE utf8mb4_unicode_ci NOT NULL,
  `user_mail` varchar(255) COLLATE utf8mb4_unicode_ci NOT NULL,
  `user_phone` varchar(255) COLLATE utf8mb4_unicode_ci NOT NULL,
  `user_address` varchar(255) COLLATE utf8mb4_unicode_ci NOT NULL,
  `user_note` text COLLATE utf8mb4_unicode_ci DEFAULT '0',
  `price` int(10) NOT NULL,
  `visa_num` tinyint(2) DEFAULT 0,
  `adults_num` tinyint(2) NOT NULL,
  `child_1_2` tinyint(2) DEFAULT 0,
  `child_2_5` tinyint(2) DEFAULT 0,
  `child_5_11` tinyint(2) DEFAULT 0,
  `start_date` date NOT NULL,
  `end_date` date NOT NULL,
  `code` varchar(100) COLLATE utf8mb4_unicode_ci NOT NULL,
  `discount` int(10) DEFAULT 0,
  `coupon` varchar(100) COLLATE utf8mb4_unicode_ci DEFAULT '0',
  `order_status_id` int(1) NOT NULL DEFAULT 0,
  `created_at` timestamp NULL DEFAULT NULL,
  `updated_at` timestamp NULL DEFAULT NULL
) ENGINE=InnoDB DEFAULT CHARSET=utf8mb4 COLLATE=utf8mb4_unicode_ci;

--
-- Đang đổ dữ liệu cho bảng `orders`
--

INSERT INTO `orders` (`id`, `tour_id`, `user_name`, `user_mail`, `user_phone`, `user_address`, `user_note`, `price`, `visa_num`, `adults_num`, `child_1_2`, `child_2_5`, `child_5_11`, `start_date`, `end_date`, `code`, `discount`, `coupon`, `order_status_id`, `created_at`, `updated_at`) VALUES
(1, 1, 'Đặng Đức Huy', 'huycan1482@gmail.com', '0957309854', 'Hà Nội', NULL, 6398000, 0, 2, 0, 0, 0, '2020-09-30', '2020-10-05', 'DH-21092020-1600698868', 0, '0', 3, '2020-09-21 07:34:28', '2020-10-11 21:31:30'),
(2, 2, 'Đặng Đức Huy', 'huycan1482@gmail.com', '0957309854', 'hà nội', NULL, 11398000, 0, 2, 0, 0, 0, '2020-10-15', '2020-10-18', 'DH-30092020-1601463200', 0, '0', 3, '2019-09-30 03:53:20', '2019-10-11 20:53:29'),
(3, 8, 'HKT', 'huy@gmail.com', '097 839 1842', 'ha noi', NULL, 6398000, 0, 2, 0, 0, 0, '2020-10-20', '2020-10-22', 'DH-12102020-1602509081', 0, '0', 3, '2020-08-12 06:24:41', '2020-08-12 06:25:08'),
(4, 2, 'test', 'linhvt1401@gmail.com', '2137492379', 'hcm,', NULL, 5699000, 0, 1, 0, 0, 0, '2020-10-15', '2020-10-18', 'DH-12102020-1602510049', 0, '0', 3, '2020-10-12 06:40:49', '2020-10-12 06:41:46'),
(5, 9, 'huy', 'huy123123@gmail.com', '097 839 1842', 'Ha Noi', NULL, 76998000, 0, 2, 0, 1, 1, '2020-11-04', '2020-11-09', 'DH-13102020-1602581305', 0, '0', 3, '2020-10-13 02:28:25', '2020-10-13 21:35:11'),
(6, 1, 'huy', 'dothitamdan@gmail.com', '1241242131', 'ãdfasd', NULL, 9597000, 0, 3, 0, 0, 0, '2021-10-02', '2021-10-05', 'DH-12082021-1628783616', 0, '0', 1, '2021-08-12 08:53:36', '2021-08-12 08:53:36');

-- --------------------------------------------------------

--
-- Cấu trúc bảng cho bảng `order_status`
--

CREATE TABLE `order_status` (
  `id` int(11) NOT NULL,
  `name` varchar(255) COLLATE utf8mb4_unicode_ci NOT NULL
) ENGINE=InnoDB DEFAULT CHARSET=utf8mb4 COLLATE=utf8mb4_unicode_ci;

--
-- Đang đổ dữ liệu cho bảng `order_status`
--

INSERT INTO `order_status` (`id`, `name`) VALUES
(1, 'Mới'),
(2, 'Đang Xử Lý'),
(3, 'Hoàn Thành'),
(4, 'Hủy');

-- --------------------------------------------------------

--
-- Cấu trúc bảng cho bảng `positions`
--

CREATE TABLE `positions` (
  `id` bigint(20) UNSIGNED NOT NULL,
  `name` varchar(50) COLLATE utf8mb4_unicode_ci NOT NULL,
  `is_active` bit(1) DEFAULT b'0',
  `created_at` timestamp NULL DEFAULT NULL,
  `updated_at` timestamp NULL DEFAULT NULL
) ENGINE=InnoDB DEFAULT CHARSET=utf8mb4 COLLATE=utf8mb4_unicode_ci;

--
-- Đang đổ dữ liệu cho bảng `positions`
--

INSERT INTO `positions` (`id`, `name`, `is_active`, `created_at`, `updated_at`) VALUES
(1, 'Hà Nội', b'1', '2020-08-27 03:32:48', '2020-08-27 03:32:48'),
(2, 'TP. Hồ Chí Minh', b'1', '2020-08-27 03:32:57', '2020-08-27 03:32:57');

-- --------------------------------------------------------

--
-- Cấu trúc bảng cho bảng `settings`
--

CREATE TABLE `settings` (
  `id` int(11) NOT NULL,
  `name` varchar(30) COLLATE utf8mb4_unicode_ci NOT NULL,
  `company` varchar(255) COLLATE utf8mb4_unicode_ci NOT NULL,
  `address` varchar(255) COLLATE utf8mb4_unicode_ci NOT NULL,
  `address2` varchar(255) COLLATE utf8mb4_unicode_ci DEFAULT '0',
  `image` varchar(255) COLLATE utf8mb4_unicode_ci NOT NULL,
  `phone` varchar(20) COLLATE utf8mb4_unicode_ci NOT NULL,
  `hotline` varchar(20) COLLATE utf8mb4_unicode_ci DEFAULT '0',
  `tax` varchar(20) COLLATE utf8mb4_unicode_ci DEFAULT '0',
  `facebook` varchar(255) COLLATE utf8mb4_unicode_ci NOT NULL,
  `email` varchar(255) COLLATE utf8mb4_unicode_ci NOT NULL,
  `introduce` varchar(255) COLLATE utf8mb4_unicode_ci DEFAULT NULL,
  `created_at` timestamp NULL DEFAULT NULL,
  `updated_at` timestamp NULL DEFAULT NULL
) ENGINE=InnoDB DEFAULT CHARSET=utf8mb4 COLLATE=utf8mb4_unicode_ci;

--
-- Đang đổ dữ liệu cho bảng `settings`
--

INSERT INTO `settings` (`id`, `name`, `company`, `address`, `address2`, `image`, `phone`, `hotline`, `tax`, `facebook`, `email`, `introduce`, `created_at`, `updated_at`) VALUES
(1, 'My Tours', 'Công Ty TNHH MyTours', 'Số 1 Hùng Vương, Quận Ba Đình, Hà Nội', 'Số 2 Bạch Đằng, Quận 1, TP.Hồ Chí Minh', 'uploads/setting/1600679961_logo.jpg', '0986346008', '1800 100 888', '000010', 'https://www.facebook.com/didongthongminh.vn/', 'admin@gmail.com', NULL, NULL, '2020-09-25 05:13:10');

-- --------------------------------------------------------

--
-- Cấu trúc bảng cho bảng `tours`
--

CREATE TABLE `tours` (
  `id` bigint(20) UNSIGNED NOT NULL,
  `name` varchar(255) COLLATE utf8mb4_unicode_ci NOT NULL,
  `slug` varchar(255) COLLATE utf8mb4_unicode_ci NOT NULL,
  `category_id` bigint(20) UNSIGNED NOT NULL,
  `image` varchar(255) COLLATE utf8mb4_unicode_ci NOT NULL,
  `start_date` date NOT NULL,
  `end_date` date NOT NULL,
  `days` tinyint(2) NOT NULL,
  `schedule` longtext COLLATE utf8mb4_unicode_ci NOT NULL,
  `note` longtext COLLATE utf8mb4_unicode_ci NOT NULL,
  `transport_id` tinyint(3) NOT NULL,
  `starting_position_id` tinyint(3) NOT NULL,
  `total_num` tinyint(3) NOT NULL,
  `member_num` tinyint(3) NOT NULL,
  `price` int(10) NOT NULL,
  `price_1_2` int(10) DEFAULT 0,
  `price_2_5` int(10) DEFAULT 0,
  `price_5_11` int(10) DEFAULT 0,
  `visa_price` int(8) DEFAULT 0,
  `discount` int(8) DEFAULT 0,
  `position` tinyint(2) DEFAULT 0,
  `is_hot` bit(1) DEFAULT b'0',
  `is_active` bit(1) DEFAULT b'0',
  `user_id` int(11) NOT NULL DEFAULT 0,
  `created_at` timestamp NULL DEFAULT NULL,
  `updated_at` timestamp NULL DEFAULT NULL
) ENGINE=InnoDB DEFAULT CHARSET=utf8mb4 COLLATE=utf8mb4_unicode_ci;

--
-- Đang đổ dữ liệu cho bảng `tours`
--

INSERT INTO `tours` (`id`, `name`, `slug`, `category_id`, `image`, `start_date`, `end_date`, `days`, `schedule`, `note`, `transport_id`, `starting_position_id`, `total_num`, `member_num`, `price`, `price_1_2`, `price_2_5`, `price_5_11`, `visa_price`, `discount`, `position`, `is_hot`, `is_active`, `user_id`, `created_at`, `updated_at`) VALUES
(1, 'Du lịch Đà Nẵng - Bà Nà - Hội An - Núi Thần Tài - Xem Show Ký Ức Hội An từ Sài Gòn 2020', 'du-lich-da-nang-ba-na-hoi-an-nui-than-tai-xem-show-ky-uc-hoi-an-tu-sai-gon-2020', 9, 'uploads/tour/1598535926_jpg', '2021-10-02', '2021-10-05', 3, '<p><strong>NG&Agrave;Y 1 |&nbsp;TP.HCM &ndash; Đ&Agrave; NẴNG &ndash; HỘI AN (ăn trưa, chiều)</strong></p>\r\n\r\n<p><strong>S&aacute;ng:&nbsp;</strong>Qu&yacute; kh&aacute;ch c&oacute; mặt tại ga quốc nội, s&acirc;n bay T&acirc;n Sơn Nhất trước giờ bay &iacute;t nhất ba tiếng.</p>\r\n\r\n<ul>\r\n	<li>Đại diện c&ocirc;ng ty Du Lịch Việt đ&oacute;n v&agrave; hỗ trợ Qu&yacute; Kh&aacute;ch l&agrave;m thủ tục đ&oacute;n chuyến bay đi Đ&agrave; Nẵng.</li>\r\n	<li>Đến s&acirc;n bay, Hướng dẫn vi&ecirc;n đ&oacute;n đo&agrave;n Tham quan Ngũ H&agrave;nh Sơn - được v&iacute; như h&ograve;n non bộ khổng lồ giữa l&ograve;ng th&agrave;nh phố Đ&agrave; Nẵng với Động Huyền Kh&ocirc;ng, Ch&ugrave;a Linh Ứng, Ch&ugrave;a Tam Thai, Vọng Hải Đ&agrave;i, &hellip;mua sắm qu&agrave; lưu niệm tại l&agrave;ng nghề đi&ecirc;u khắc đ&aacute; Non Nước.</li>\r\n</ul>\r\n\r\n<p><strong>Trưa:</strong>&nbsp;D&ugrave;ng cơm trưa.</p>\r\n\r\n<ul>\r\n	<li>Đến Hội An, tham quan Phố Cổ Hội An - di sản văn ho&aacute; thế giới với Ch&ugrave;a Cầu Nhật Bản, Hội Qu&aacute;n Ph&uacute;c Kiến, Nh&agrave; Cổ Ph&ugrave;ng Hưng&hellip;</li>\r\n</ul>\r\n\r\n<p><strong>Chiều:</strong>&nbsp;D&ugrave;ng cơm chiều.</p>\r\n\r\n<ul>\r\n	<li>Trải nghiệm Show diễn &ldquo;K&yacute; Ức Hội An&rdquo;, chương tr&igrave;nh văn h&oacute;a nghệ thuật ngo&agrave;i trời độc đ&aacute;o, với sự tổng h&ograve;a tinh tế của &acirc;m nhạc, thơ ca, &aacute;nh s&aacute;ng, nghệ thuật tr&igrave;nh diễn 3D, tạo h&igrave;nh, m&uacute;a&hellip; Vở diễn l&agrave; c&acirc;u chuyện t&aacute;i hiện lại những n&eacute;t văn h&oacute;a đặc trưng của Hội An 400 năm lịch sử với cuộc sống th&ocirc;n qu&ecirc; b&igrave;nh dị, tới những n&eacute;t ho&agrave;ng kim của một thương cảng sầm uất một thời. (chi ph&iacute; tự t&uacute;c)&nbsp;&nbsp; &nbsp;</li>\r\n	<li>Đo&agrave;n trở về, nghỉ đ&ecirc;m tại Đ&agrave; Nẵng.</li>\r\n</ul>\r\n\r\n<p>&nbsp;</p>\r\n\r\n<p><strong>NG&Agrave;Y 2 |&nbsp;Đ&Agrave; NẴNG &ndash; CAO NGUY&Ecirc;N B&Agrave; N&Agrave; (Ăn s&aacute;ng, chiều- Ăn trưa tự t&uacute;c) (Xem th&ecirc;m)</strong></p>\r\n\r\n<p><strong>S&aacute;ng:&nbsp;</strong>D&ugrave;ng buffet s&aacute;ng tại kh&aacute;ch sạn.</p>\r\n\r\n<ul>\r\n	<li>Khởi h&agrave;nh đến với cao nguy&ecirc;n B&agrave; N&agrave; nơi c&oacute; kh&iacute; hậu Ch&acirc;u &Acirc;u độc đ&aacute;o v&agrave; nổi tiếng với tuyến c&aacute;p treo kỷ lục mới của thế giới - Ngắm to&agrave;n cảnh th&agrave;nh phố Đ&agrave; Nẵng từ tr&ecirc;n c&aacute;p treo (chi ph&iacute; c&aacute;p treo tự t&uacute;c).</li>\r\n	<li>Qu&yacute; kh&aacute;ch tự do tham quan, vui chơi giải tr&iacute; tại B&agrave; N&agrave; với C&ocirc;ng Vi&ecirc;n Fantasy, Rạp chiếu phim 3D Mega 360 độ với c&ocirc;ng nghệ hiện đại nhất v&agrave; duy nhất c&oacute; ở Vi&ecirc;t Nam, Hai rạp chiếu phim 4D v&agrave; 5Di, Xe Trượt Ống, Hầm rượu, Vườn hoa t&igrave;nh y&ecirc;u, Bảo T&agrave;ng S&aacute;p, tự do chụp h&igrave;nh tại Cầu V&agrave;ng điểm tham quan mới si&ecirc;u hot tại B&agrave; N&agrave;.</li>\r\n</ul>\r\n\r\n<p><strong>Trưa:&nbsp;</strong>Qu&yacute; kh&aacute;ch tự t&uacute;c bữa ăn trưa. Du kh&aacute;ch c&oacute; thể t&igrave;m thấy những biểu tượng mang t&iacute;nh t&acirc;m linh như ch&ugrave;a chiền, đền đ&agrave;i hay tượng c&aacute;c đức Phật. Chắc hẳn sẽ l&agrave; điểm dừng ch&acirc;n cho những ai mong cầu b&igrave;nh an v&agrave; sức khỏe cho gia đ&igrave;nh: Ch&ugrave;a Linh Ứng, Đền Lĩnh Ch&uacute;a Linh Từ, Th&aacute;p Linh Phong Tự, Tượng Th&iacute;ch Ca M&acirc;u Ni, Lầu Chu&ocirc;ng, Nh&agrave; Bia, Miếu B&agrave;, Tr&uacute; Vũ Tr&agrave; Qu&aacute;n.</p>\r\n\r\n<p><strong>Chiều:&nbsp;</strong>D&ugrave;ng cơm chiều. Nghỉ đ&ecirc;m tại Đ&agrave; Nẵng. &nbsp; &nbsp; &nbsp; &nbsp;&nbsp;</p>\r\n\r\n<ul>\r\n	<li>Qu&yacute; kh&aacute;ch tự do dạo phố, ngắm c&aacute;c c&acirc;y cầu nổi tiếng của th&agrave;nh phố Đ&agrave; Nẵng: cầu Rồng, cầu S&ocirc;ng H&agrave;n, cầu Trần Thị L&yacute;, cầu Thuận Phước...</li>\r\n</ul>\r\n\r\n<p>&nbsp;</p>\r\n\r\n<p><strong>NG&Agrave;Y 3 |&nbsp;Đ&Agrave; NẴNG &ndash; TP.HCM (ăn s&aacute;ng, trưa) (Xem th&ecirc;m)</strong></p>\r\n\r\n<p><strong>S&aacute;ng:&nbsp;</strong>D&ugrave;ng buffet s&aacute;ng tại kh&aacute;ch sạn.</p>\r\n\r\n<ul>\r\n	<li>Khởi h&agrave;nh tới khu du lịch C&ocirc;ng vi&ecirc;n Suối kho&aacute;ng n&oacute;ng N&uacute;i Thần T&agrave;i. Qu&yacute; kh&aacute;ch sẽ tắm kho&aacute;ng tại Long Nguyệt Hồ v&agrave; c&aacute;c hồ tự nhi&ecirc;n kh&aacute;c, thư gi&atilde;n với x&ocirc;ng hơi kh&ocirc;, x&ocirc;ng hơi ướt, ng&acirc;m ch&acirc;n trực tiếp tại c&aacute;c mỏ kho&aacute;ng ph&aacute;t lộ, vui chơi tại c&ocirc;ng vi&ecirc;n nước, trượt phao chinh phục d&ograve;ng s&ocirc;ng Lười. Viếng thăm Đền Thần T&agrave;i, trải nghiệp rạp chiếu phim 7D - 9D - 12D, tham quan chụp h&igrave;nh tại c&aacute;c điểm trong khu du lịch,&hellip; Tự do trải nghiệm c&aacute;c dịch vụ tắm Onsen Nhật Bản, tắm b&ugrave;n, tắm Tr&agrave; - Sữa - C&agrave; Ph&ecirc; - Sả&hellip; (chi ph&iacute; tự t&uacute;c)</li>\r\n</ul>\r\n\r\n<p><strong>Trưa:</strong>&nbsp;D&ugrave;ng cơm trưa.</p>\r\n\r\n<ul>\r\n	<li>Tham quan một v&ograve;ng b&aacute;n đảo Sơn Tr&agrave;&hellip; viếng Linh Ứng Tự v&agrave; thưởng ngoạn vẻ đẹp của biển Mỹ Kh&ecirc; (được đ&aacute;nh gi&aacute; l&agrave; một trong những b&atilde;i biển quyến rũ nhất h&agrave;nh tinh).</li>\r\n	<li>Tham quan C&ocirc;ng vi&ecirc;n Ch&acirc;u &Aacute; - Asia Park Đ&agrave; Nẵng, b&ecirc;n bờ T&acirc;y s&ocirc;ng H&agrave;n, sự kết hợp những n&eacute;t độc đ&aacute;o, mới lạ của c&aacute;c m&ocirc; h&igrave;nh giải tr&iacute; tr&ecirc;n thế giới với những n&eacute;t văn h&oacute;a đặc sắc đậm chất &Aacute; Đ&ocirc;ng (chi ph&iacute; tự t&uacute;c).</li>\r\n	<li>Hướng dẫn vi&ecirc;n tiễn đo&agrave;n ra s&acirc;n bay Đ&agrave; Nẵng, đ&oacute;n chuyến bay về TP.HCM.</li>\r\n	<li>Kết th&uacute;c chương tr&igrave;nh tham quan, chia tay v&agrave; hẹn gặp lại.</li>\r\n</ul>', '<p>Giờ bay c&oacute; thể thay đổi theo quy định của h&agrave;ng kh&ocirc;ng. Du Lịch Việt sẽ thay đổi chương tr&igrave;nh cho ph&ugrave; hợp với giờ bay mới nhưng sẽ kh&ocirc;ng chịu tr&aacute;ch nhiệm về c&aacute;c khoản chi ph&iacute; ph&aacute;t sinh.</p>\r\n\r\n<p><strong>Gi&aacute; tour bao gồm:</strong></p>\r\n\r\n<ul>\r\n	<li>V&eacute; m&aacute;y bay khứ hồi TP.HCM &ndash; Đ&Agrave; NẴNG &ndash; TP.HCM (Vietjet Air, Jetstar Pacific&hellip;)</li>\r\n	<li>Xe tham quan (xe 16 chỗ, 29 chỗ, 35 chỗ, 45 chỗ) t&ugrave;y theo số lượng kh&aacute;ch thực tế tr&ecirc;n chuyến đi.</li>\r\n	<li>Kh&aacute;ch sạn ti&ecirc;u chuẩn đầy đủ tiện nghi 2 kh&aacute;ch người lớn/ ph&ograve;ng. Nếu lẻ người thứ 3, đ&oacute;ng phụ ph&iacute; ph&ograve;ng đơn hoặc ngủ gh&eacute;p ph&ograve;ng 3 kh&aacute;ch.</li>\r\n</ul>\r\n\r\n<p>+ Kh&aacute;ch sạn 3 sao tại Đ&agrave; Nẵng: H&ugrave;ng Anh,&hellip;hoặc tương đương.</p>\r\n\r\n<ul>\r\n	<li>Ăn uống theo chương tr&igrave;nh:</li>\r\n</ul>\r\n\r\n<p>+ Ăn phụ: 2 bữa buffet s&aacute;ng tại kh&aacute;ch sạn.</p>\r\n\r\n<p>+ Ăn ch&iacute;nh: 4 bữa ch&iacute;nh ti&ecirc;u chuẩn 100.000 đồng/bữa.</p>\r\n\r\n<ul>\r\n	<li>V&eacute; tham quan theo chương tr&igrave;nh.</li>\r\n	<li>Hướng dẫn vi&ecirc;n tiếng Việt vui vẻ nhiệt t&igrave;nh suốt chuyến đi.</li>\r\n	<li>Bảo hiểm với mức bồi thường tối đa 100.000.000 đồng/trường hợp. Kh&ocirc;ng &aacute;p dụng cho kh&aacute;ch từ 80 tuổi trở l&ecirc;n.</li>\r\n	<li>Qu&agrave; tặng: n&oacute;n du lịch Việt, nước, khăn lạnh.</li>\r\n</ul>\r\n\r\n<p><strong>Kh&ocirc;ng bao gồm:</strong></p>\r\n\r\n<ul>\r\n	<li>Bia hay nước ngọt trong c&aacute;c bữa ăn.</li>\r\n	<li>Tham quan ngo&agrave;i chương tr&igrave;nh.</li>\r\n	<li>Chi ph&iacute; c&aacute; nh&acirc;n: điện thoại, giặt ủi&hellip;</li>\r\n	<li>V&eacute; c&aacute;p treo đi B&agrave; N&agrave;, c&ocirc;ng vi&ecirc;n Ch&acirc;u &Aacute;, C&ocirc;ng vi&ecirc;n Suối kho&aacute;ng n&oacute;ng N&uacute;i Thần T&agrave;i, Show K&yacute; ức Hội An &hellip;</li>\r\n	<li>1 bữa ăn trưa ng&agrave;y thứ 2 tham quan B&agrave; N&agrave;.</li>\r\n	<li>Chi ph&iacute; b&atilde;i biển: d&ugrave;, v&otilde;ng, tắm nước ngọt&hellip;</li>\r\n	<li>Thuế VAT.</li>\r\n</ul>', 1, 1, 20, 1, 3199000, 0, 0, 0, 0, 0, 0, b'0', b'1', 4, '2020-08-27 06:45:26', '2021-08-12 08:53:36'),
(2, 'Du lịch Đà Nẵng - Bà Nà - Hội An - Huế -Thánh Địa La Vang - Động Phong Nha từ Sài Gòn', 'du-lich-da-nang-ba-na-hoi-an-hue-thanh-dia-la-vang-dong-phong-nha-tu-sai-gon', 9, 'uploads/tour/1598539146_jpg', '2021-10-15', '2021-10-18', 3, '<p><strong>NG&Agrave;Y 1 |&nbsp;TP.HCM &ndash; HUẾ &ndash; QUẢNG B&Igrave;NH (ăn trưa, chiều)</strong></p>\r\n\r\n<p><strong>S&aacute;ng:</strong>&nbsp;Qu&yacute; kh&aacute;ch c&oacute; mặt tại ga quốc nội, s&acirc;n bay T&acirc;n Sơn Nhất trước giờ bay &iacute;t nhất ba tiếng.</p>\r\n\r\n<ul>\r\n	<li>Đại diện c&ocirc;ng ty Du Lịch Việt đ&oacute;n v&agrave; hỗ trợ Qu&yacute; Kh&aacute;ch l&agrave;m thủ tục đ&oacute;n chuyến bay đi Đ&agrave; Nẵng.</li>\r\n	<li>Đến s&acirc;n bay Đ&agrave; Nẵng, Hướng dẫn vi&ecirc;n đ&oacute;n đo&agrave;n tới Huế.</li>\r\n	<li>Tham quan Lăng Khải Định (Ứng Lăng, lăng mộ của vua Khải Định, vị vua thứ 12 của triều Nguyễn) với lối kiến tr&uacute;c độc đ&aacute;o bởi sự pha trộn kiến tr&uacute;c Đ&ocirc;ng T&acirc;y Kim Cổ lạ thường, với c&aacute;c t&aacute;c phẩm nghệ thuật gh&eacute;p tranh s&agrave;nh sứ độc đ&aacute;o.</li>\r\n</ul>\r\n\r\n<p>&nbsp;</p>\r\n\r\n<p><strong>Trưa:&nbsp;</strong>&nbsp; &nbsp;D&ugrave;ng cơm trưa tại nh&agrave; h&agrave;ng.</p>\r\n\r\n<ul>\r\n	<li>Khởi h&agrave;nh đến Quảng B&igrave;nh, tr&ecirc;n đường dừng ch&acirc;n tham quan th&agrave;nh cổ Quảng Trị - nơi được thế giới biết đến v&agrave; k&iacute;nh phục bởi cuộc đấu tranh anh dũng để bảo vệ Th&agrave;nh Cổ suốt 81 ng&agrave;y đ&ecirc;m của c&aacute;c chiến sĩ giải ph&oacute;ng &nbsp;qu&acirc;n v&agrave; nh&acirc;n d&acirc;n Quảng Trị.</li>\r\n</ul>\r\n\r\n<p><strong>Chiều: &nbsp;</strong>D&ugrave;ng cơm chiều tại nh&agrave; h&agrave;ng.&nbsp;</p>\r\n\r\n<ul>\r\n	<li>Nghỉ đ&ecirc;m tại Quảng B&igrave;nh.</li>\r\n</ul>\r\n\r\n<p>&nbsp;</p>\r\n\r\n<p><strong>NG&Agrave;Y 2 |&nbsp;ĐỘNG PHONG NHA &ndash; TH&Aacute;NH ĐỊA LA VANG &ndash; HUẾ (ăn s&aacute;ng, trưa, chiều) (Xem th&ecirc;m)</strong></p>\r\n\r\n<p><strong>S&aacute;ng:</strong>&nbsp;D&ugrave;ng buffet s&aacute;ng tại kh&aacute;ch sạn.</p>\r\n\r\n<ul>\r\n	<li>Khởi h&agrave;nh đến Quảng B&igrave;nh nơi nổi tiếng với Vườn quốc gia Phong Nha - Kẻ &nbsp;B&agrave;ng được UNESCO c&ocirc;ng nhận l&agrave; Di sản thi&ecirc;n nhi&ecirc;n thế giới, tr&ecirc;n đường đi đo&agrave;n v&agrave;o thăm Th&aacute;nh Địa La Vang - Tiểu vương cung th&aacute;nh đường.&nbsp;</li>\r\n</ul>\r\n\r\n<p><strong>Trưa:&nbsp;</strong>D&ugrave;ng bữa trưa tại nh&agrave; h&agrave;ng.</p>\r\n\r\n<ul>\r\n	<li>Xu&ocirc;i thuyền theo d&ograve;ng s&ocirc;ng Son v&agrave;o thăm Động Phong Nha - Động nước lớn nhất thế giới được Unesco c&ocirc;ng nhận di sản thi&ecirc;n nhi&ecirc;n thế giới với Hang Bi K&yacute;, Động Ti&ecirc;n&hellip;</li>\r\n	<li>Đo&agrave;n khởi h&agrave;nh trở về Huế, Qu&yacute; kh&aacute;ch c&oacute; dịp ngắm nh&igrave;n Vĩ Tuyến 17 với cầu Hiền Lương v&agrave; d&ograve;ng s&ocirc;ng Bến Hải.&nbsp; &nbsp; &nbsp;</li>\r\n</ul>\r\n\r\n<p><strong>Tối:&nbsp;</strong>D&ugrave;ng cơm tối tại nh&agrave; h&agrave;ng. Nghỉ đ&ecirc;m tại Huế. &nbsp; &nbsp;</p>\r\n\r\n<p>&nbsp;</p>\r\n\r\n<p><strong>NG&Agrave;Y 3 |&nbsp;HUẾ &ndash; ĐẠI NỘI &ndash; Đ&Agrave; NẴNG (ăn s&aacute;ng, trưa, chiều) (Xem th&ecirc;m)</strong></p>\r\n\r\n<p><strong>S&aacute;ng: &nbsp;</strong>&nbsp;&nbsp;D&ugrave;ng buffet s&aacute;ng tại kh&aacute;ch sạn.</p>\r\n\r\n<ul>\r\n	<li>Tham quan Đại Nội &ndash; Ho&agrave;ng Th&agrave;nh của 13 vị vua triều Nguyễn, nơi c&oacute; hơn 100 c&ocirc;ng tr&igrave;nh kiến tr&uacute;c đẹp: Ngọ M&ocirc;n, Điện Th&aacute;i H&ograve;a, Tử Cấm Th&agrave;nh, Thế Miếu, Hiển L&acirc;m C&aacute;c, Cửu Đỉnh, &hellip;</li>\r\n	<li>Tham quan ch&ugrave;a Thi&ecirc;n Mụ &ndash; &nbsp;ng&ocirc;i ch&ugrave;a cổ nhất Cố đ&ocirc; Huế.</li>\r\n</ul>\r\n\r\n<p><strong>Trưa:</strong>&nbsp;D&ugrave;ng bữa trưa tại nh&agrave; h&agrave;ng.</p>\r\n\r\n<ul>\r\n	<li>Khởi h&agrave;nh đến Đ&agrave; Nẵng qua đường hầm Hải V&acirc;n-hầm đường bộ d&agrave;i nhất Đ&ocirc;ng Nam &Aacute;.</li>\r\n	<li>Tham quan một v&ograve;ng b&aacute;n đảo Sơn Tr&agrave;&hellip;viếng Linh Ứng Tự v&agrave; thưởng ngoạn vẻ đẹp của biển Mỹ Kh&ecirc; (được đ&aacute;nh gi&aacute; l&agrave; một trong những b&atilde;i biển quyến rũ nhất h&agrave;nh tinh).&nbsp;</li>\r\n	<li>Qu&yacute; kh&aacute;ch tự do tắm b&atilde;i biển Phạm Văn Đồng với b&atilde;i c&aacute;t trắng mịn trải d&agrave;i, thu h&uacute;t rất nhiều kh&aacute;ch du lịch trong v&agrave; ngo&agrave;i nước.</li>\r\n</ul>\r\n\r\n<p><strong>Chiều: &nbsp;</strong>&nbsp;D&ugrave;ng cơm chiều tại nh&agrave; h&agrave;ng. Nghỉ đ&ecirc;m tại Đ&agrave; Nẵng.</p>\r\n\r\n<ul>\r\n	<li>Qu&yacute; kh&aacute;ch tự do dạo phố, ngắm c&aacute;c c&acirc;y cầu nổi tiếng của th&agrave;nh phố Đ&agrave; Nẵng: cầu Rồng, cầu S&ocirc;ng H&agrave;n, cầu Trần Thị L&yacute;, cầu Thuận Phước...</li>\r\n</ul>\r\n\r\n<p>&nbsp;</p>\r\n\r\n<p><strong>NG&Agrave;Y 4 |&nbsp;Đ&Agrave; NẴNG &ndash; NGŨ H&Agrave;NH SƠN - HỘI AN (ăn s&aacute;ng, trưa, chiều)(Xem th&ecirc;m)</strong></p>\r\n\r\n<p><strong>S&aacute;ng:&nbsp;</strong>D&ugrave;ng buffet s&aacute;ng tại kh&aacute;ch sạn.</p>\r\n\r\n<ul>\r\n	<li>Tham quan Ngũ H&agrave;nh Sơn - được v&iacute; như h&ograve;n non bộ khổng lồ giữa l&ograve;ng th&agrave;nh phố Đ&agrave; Nẵng với Động Huyền Kh&ocirc;ng, Ch&ugrave;a Linh Ứng, Ch&ugrave;a Tam Thai, Vọng Hải Đ&agrave;i, &hellip; mua sắm qu&agrave; lưu niệm tại l&agrave;ng nghề đi&ecirc;u khắc đ&aacute; Non Nước.</li>\r\n</ul>\r\n\r\n<p><strong>Trưa:</strong>&nbsp;D&ugrave;ng bữa trưa tại nh&agrave; h&agrave;ng.</p>\r\n\r\n<ul>\r\n	<li>Tham quan Phố Cổ Hội An - di sản văn ho&aacute; thế giới với Ch&ugrave;a Cầu Nhật Bản, Hội Qu&aacute;n Ph&uacute;c Kiến, Nh&agrave; Cổ Ph&ugrave;ng Hưng, &hellip;</li>\r\n	<li>Chiều: &nbsp;D&ugrave;ng cơm chiều. Nghỉ đ&ecirc;m tại Đ&agrave; Nẵng.</li>\r\n</ul>\r\n\r\n<p>&nbsp;</p>\r\n\r\n<p><strong>NG&Agrave;Y 5 |&nbsp;Đ&Agrave; NẴNG &ndash;B&Agrave; N&Agrave; &ndash; HỒ CH&Iacute; MINH (ăn s&aacute;ng) (Ăn trưa tự t&uacute;c) (Xem th&ecirc;m)</strong></p>\r\n\r\n<p><strong>S&aacute;ng:</strong>&nbsp; D&ugrave;ng buffet s&aacute;ng tại kh&aacute;ch sạn.</p>\r\n\r\n<ul>\r\n	<li>Khởi h&agrave;nh đến với cao nguy&ecirc;n B&agrave; N&agrave; nơi c&oacute; kh&iacute; hậu Ch&acirc;u &Acirc;u độc đ&aacute;o v&agrave; nổi tiếng với tuyến c&aacute;p treo kỷ lục mới của thế giới - Ngắm to&agrave;n cảnh th&agrave;nh phố Đ&agrave; Nẵng từ tr&ecirc;n c&aacute;p treo (chi ph&iacute; c&aacute;p treo tự t&uacute;c).</li>\r\n	<li>Qu&yacute; kh&aacute;ch tự do tham quan, vui chơi giải tr&iacute; tại B&agrave; N&agrave; với C&ocirc;ng Vi&ecirc;n Fantasy, Rạp chiếu phim 3D Mega 360 độ với c&ocirc;ng nghệ hiện đại nhất v&agrave; duy nhất c&oacute; ở Vi&ecirc;t Nam, Hai rạp chiếu phim 4D v&agrave; 5Di, Xe Trượt Ống, Hầm rượu, Vườn hoa t&igrave;nh y&ecirc;u, Bảo T&agrave;ng S&aacute;p, tự do chụp h&igrave;nh tại Cầu V&agrave;ng si&ecirc;u hot&hellip;</li>\r\n</ul>\r\n\r\n<p><strong>Trưa:&nbsp;</strong>&nbsp;&nbsp;Qu&yacute; kh&aacute;ch vui l&ograve;ng tự t&uacute;c bữa ăn trưa.</p>\r\n\r\n<ul>\r\n	<li>Du kh&aacute;ch c&oacute; thể t&igrave;m thấy những biểu tượng mang t&iacute;nh t&acirc;m linh như ch&ugrave;a chiền, đền đ&agrave;i hay tượng c&aacute;c đức Phật. Chắc hẳn sẽ l&agrave; điểm dừng ch&acirc;n cho những ai mong cầu b&igrave;nh an v&agrave; sức khỏe cho gia đ&igrave;nh: Ch&ugrave;a Linh Ứng, Đền Lĩnh Ch&uacute;a Linh Từ, Th&aacute;p Linh Phong Tự, Tượng Th&iacute;ch Ca M&acirc;u Ni, Lầu Chu&ocirc;ng, Nh&agrave; Bia, Miếu B&agrave;, Tr&uacute; Vũ Tr&agrave; Qu&aacute;n.</li>\r\n	<li>Hướng dẫn vi&ecirc;n tiễn đo&agrave;n ra s&acirc;n bay Đ&agrave; Nẵng đ&oacute;n chuyến bay về &nbsp;TP.HCM.</li>\r\n	<li>Kết th&uacute;c chương tr&igrave;nh tham quan, chia tay v&agrave; hẹn gặp lại Qu&yacute; kh&aacute;ch.</li>\r\n</ul>', '<p><em>Giờ bay c&oacute; thể thay đổi theo quy định của h&agrave;ng kh&ocirc;ng. Du Lịch Việt sẽ thay đổi chương tr&igrave;nh cho ph&ugrave; hợp với giờ bay mới nhưng sẽ kh&ocirc;ng chịu tr&aacute;ch nhiệm về c&aacute;c khoản chi ph&iacute; ph&aacute;t sinh.</em></p>\r\n\r\n<p><br />\r\n<strong>Gi&aacute; tour bao gồm:</strong><br />\r\n-&nbsp;&nbsp; &nbsp;V&eacute; m&aacute;y bay khứ hồi TP.HCM &ndash; Đ&Agrave; NẴNG &ndash; TP.HCM (VietJetAir)<br />\r\n-&nbsp;&nbsp; &nbsp;Xe tham quan (xe 16 chỗ, 29 chỗ, 35 chỗ, 45 chỗ) t&ugrave;y theo số lượng kh&aacute;ch thực tế tr&ecirc;n chuyến đi.<br />\r\n-&nbsp;&nbsp; &nbsp;Kh&aacute;ch sạn ti&ecirc;u chuẩn đầy đủ tiện nghi 2 kh&aacute;ch người lớn/ ph&ograve;ng. Nếu lẻ người thứ 3, đ&oacute;ng phụ ph&iacute; ph&ograve;ng đơn hoặc ngủ gh&eacute;p ph&ograve;ng 3 kh&aacute;ch.<br />\r\n+ Kh&aacute;ch sạn 3 sao tại Huế: Duy T&acirc;n, Newstar, Thanh Lịch, &hellip;hoặc tương đương.<br />\r\n+ Kh&aacute;ch sạn 3,4 sao tại Quảng B&igrave;nh: T&acirc;n B&igrave;nh, Vĩnh Ho&agrave;ng, &hellip; hoặc tương đương.<br />\r\n+ Kh&aacute;ch sạn 3 sao tại Đ&agrave; Nẵng: H&ugrave;ng Anh, Ho&agrave;ng Sa, Đ&agrave; Nẵng Port,&hellip;hoặc tương đương.<br />\r\n-&nbsp;&nbsp; &nbsp;Ăn uống theo chương tr&igrave;nh:&nbsp;<br />\r\n+ Ăn phụ: 4 bữa buffet s&aacute;ng tại kh&aacute;ch sạn.&nbsp;<br />\r\n+ Ăn ch&iacute;nh: 8 bữa ch&iacute;nh ti&ecirc;u chuẩn 100.000 đồng/bữa.<br />\r\n-&nbsp;&nbsp; &nbsp;V&eacute; tham quan theo chương tr&igrave;nh.&nbsp;<br />\r\n-&nbsp;&nbsp; &nbsp;Hướng dẫn vi&ecirc;n tiếng Việt vui vẻ nhiệt t&igrave;nh suốt chuyến đi.<br />\r\n-&nbsp;&nbsp; &nbsp;Bảo hiểm với mức bồi thường tối đa 100.000.000 đồng/trường hợp. Kh&ocirc;ng &aacute;p dụng cho kh&aacute;ch từ 80 tuổi trở l&ecirc;n.<br />\r\n-&nbsp;&nbsp; &nbsp;Qu&agrave; tặng: n&oacute;n du lịch Việt, nước, khăn lạnh.<br />\r\n<strong>Kh&ocirc;ng bao gồm:</strong><br />\r\n-&nbsp;&nbsp; &nbsp;Bia hay nước ngọt trong c&aacute;c bữa ăn.<br />\r\n-&nbsp;&nbsp; &nbsp;Tham quan ngo&agrave;i chương tr&igrave;nh.<br />\r\n-&nbsp;&nbsp; &nbsp;Chi ph&iacute; c&aacute; nh&acirc;n: điện thoại, giặt ủi&hellip;<br />\r\n-&nbsp;&nbsp; &nbsp;01 bữa ăn trưa ng&agrave;y 5 theo chương tr&igrave;nh.<br />\r\n-&nbsp;&nbsp; &nbsp;V&eacute; c&aacute;p treo đi B&agrave; N&agrave;, c&ocirc;ng vi&ecirc;n Ch&acirc;u &Aacute;, ca Huế, &hellip;<br />\r\n-&nbsp;&nbsp; &nbsp;Chi ph&iacute; b&atilde;i biển: d&ugrave;, v&otilde;ng, tắm nước ngọt&hellip;<br />\r\n-&nbsp;&nbsp; &nbsp;Thuế VAT.</p>', 1, 2, 20, 2, 5699000, 3000000, 0, 0, 0, 0, 0, b'0', b'1', 4, '2020-08-27 07:39:06', '2021-08-12 08:52:00'),
(3, 'Du lịch Miền Trung - Đà Nẵng - Bà Nà - Hội An - Huế - Động Phong Nha từ Sài Gòn 2020', 'du-lich-mien-trung-da-nang-ba-na-hoi-an-hue-dong-phong-nha-tu-sai-gon-2020', 9, 'uploads/tour/1598539826_jpg', '2021-10-02', '2021-10-05', 3, '<p><strong>NG&Agrave;Y 1 |&nbsp;TP.HCM &ndash; HUẾ &ndash; LĂNG KHẢI ĐỊNH &ndash; ĐẠI NỘI (ăn trưa, chiều)</strong></p>\r\n\r\n<p><strong>S&aacute;ng:&nbsp;</strong>Qu&yacute; kh&aacute;ch c&oacute; mặt tại ga quốc nội, s&acirc;n bay T&acirc;n Sơn Nhất trước giờ bay &iacute;t nhất ba tiếng<strong>.&nbsp;</strong>Đại diện c&ocirc;ng ty&nbsp;<strong>Du Lịch Việt</strong>&nbsp;đ&oacute;n v&agrave; hỗ trợ Qu&yacute; Kh&aacute;ch l&agrave;m thủ tục đ&oacute;n chuyến bay đi&nbsp;<strong>Đ&agrave; Nẵng.</strong></p>\r\n\r\n<p>Đến s&acirc;n bay&nbsp;<strong>Đ&agrave; Nẵng</strong>, Hướng dẫn vi&ecirc;n đ&oacute;n đo&agrave;n khởi h&agrave;nh tới Huế.</p>\r\n\r\n<p>Đo&agrave;n tham quan&nbsp;<strong>Lăng Khải Định&nbsp;</strong>(Ứng Lăng, lăng mộ của vua Khải Định, vị vua thứ 12 của triều Nguyễn) với lối kiến tr&uacute;c độc đ&aacute;o bởi sự pha trộn kiến tr&uacute;c Đ&ocirc;ng T&acirc;y Kim Cổ lạ thường, với c&aacute;c t&aacute;c phẩm nghệ thuật gh&eacute;p tranh s&agrave;nh sứ độc đ&aacute;o.</p>\r\n\r\n<p>&nbsp;</p>\r\n\r\n<p><strong>Trưa:&nbsp;</strong>D&ugrave;ng bữa trưa tại nh&agrave; h&agrave;ng.&nbsp;Tham quan&nbsp;<strong>Đại Nội</strong>&nbsp;&ndash; Ho&agrave;ng Th&agrave;nh của 13 vị vua triều Nguyễn, nơi c&oacute; hơn 100 c&ocirc;ng tr&igrave;nh kiến tr&uacute;c đẹp:&nbsp;<strong>Ngọ M&ocirc;n, Điện Th&aacute;i H&ograve;a, Tử Cấm Th&agrave;nh, Thế Miếu, Hiển L&acirc;m C&aacute;c, Cửu Đỉnh</strong>,...Tham quan&nbsp;<strong>Ch&ugrave;a Thi&ecirc;n Mụ</strong>&nbsp;-&nbsp; ng&ocirc;i ch&ugrave;a cổ nhất Cố đ&ocirc; Huế .</p>\r\n\r\n<p>&nbsp;</p>\r\n\r\n<p><strong>Chiều:&nbsp;</strong>D&ugrave;ng cơm chiều tại nh&agrave; h&agrave;ng. Nghỉ đ&ecirc;m tại Huế.</p>\r\n\r\n<p>Du kh&aacute;ch đến thăm cố đ&ocirc; Huế c&oacute; thể trải nghiệm&nbsp;<strong>M&oacute;n cơm Vua</strong>&nbsp;(cơm cung đ&igrave;nh) thưởng thức một bữa ăn m&ocirc; phỏng lại những bữa tiệc cung đ&igrave;nh với c&aacute;c vai vua, ho&agrave;ng hậu, b&aacute; quan văn v&otilde;&nbsp;<em>(chi ph&iacute; tự t&uacute;c</em>); hoặc ngồi tr&ecirc;n x&iacute;ch l&ocirc; chạy ngang qua những th&agrave;nh qu&aacute;ch, phố x&aacute;, qua d&ograve;ng s&ocirc;ng Hương thơ mộng&nbsp; mang đến cảm gi&aacute;c y&ecirc;n b&igrave;nh, thơ mộng rất ri&ecirc;ng của Huế&nbsp;<em>(chi ph&iacute; tự t&uacute;c).</em></p>\r\n\r\n<p>Qu&yacute; kh&aacute;ch c&oacute; thể xu&ocirc;i theo d&ograve;ng s&ocirc;ng Hương nghe Ca Huế, lắng nghe giọng ca ngọt ng&agrave;o mượt m&agrave; của những c&ocirc; g&aacute;i Huế&nbsp;<em>(chi ph&iacute; tự t&uacute;c).</em></p>\r\n\r\n<p>&nbsp;</p>\r\n\r\n<p><strong>NG&Agrave;Y 2 |&nbsp;HUẾ &ndash; TH&Aacute;NH ĐỊA LA VANG &ndash; ĐỘNG PHONG NHA (ăn s&aacute;ng, trưa, chiều) (Xem th&ecirc;m)</strong></p>\r\n\r\n<p><strong>S&aacute;ng:&nbsp;</strong>D&ugrave;ng buffet s&aacute;ng tại kh&aacute;ch sạn. Khởi h&agrave;nh đến&nbsp;<strong>Quảng B&igrave;nh&nbsp;</strong>nơi nổi tiếng với&nbsp;<strong>Vườn quốc gia Phong Nha - Kẻ&nbsp; B&agrave;ng</strong>&nbsp;được UNESCO c&ocirc;ng nhận l&agrave;&nbsp;<em>Di sản thi&ecirc;n nhi&ecirc;n thế giới,</em>&nbsp;tr&ecirc;n đường đi đo&agrave;n v&agrave;o thăm&nbsp;<strong>Th&aacute;nh Địa La Vang</strong>&nbsp;-&nbsp;<em>Tiểu vương cung th&aacute;nh đường.</em></p>\r\n\r\n<p><strong>Trưa:&nbsp;</strong>D&ugrave;ng bữa trưa tại nh&agrave; h&agrave;ng.</p>\r\n\r\n<p>Xu&ocirc;i thuyền theo d&ograve;ng s&ocirc;ng Son v&agrave;o thăm&nbsp;<strong>Động Phong Nha</strong>&nbsp;- Động nước lớn nhất thế giới được Unesco c&ocirc;ng nhận di sản thi&ecirc;n nhi&ecirc;n thế giới với Hang Bi K&yacute;, Động Ti&ecirc;n&hellip;</p>\r\n\r\n<p>Đo&agrave;n khởi h&agrave;nh trở về&nbsp;<strong>Huế</strong>, Qu&yacute; kh&aacute;ch c&oacute; dịp ngắm nh&igrave;n&nbsp;<strong>Vĩ Tuyến 17</strong>&nbsp;với&nbsp;<strong>cầu Hiền Lương</strong>&nbsp;v&agrave;&nbsp;<strong>d&ograve;ng s&ocirc;ng Bến Hải.</strong></p>\r\n\r\n<p><strong>Tối:</strong>&nbsp; D&ugrave;ng cơm tối tại nh&agrave; h&agrave;ng. Nghỉ đ&ecirc;m tại Huế.</p>\r\n\r\n<p>&nbsp;</p>\r\n\r\n<p><strong>NG&Agrave;Y 3 |&nbsp;HUẾ &ndash; Đ&Agrave; NẴNG &ndash; SƠN TR&Agrave; &ndash; HỘI AN (ăn s&aacute;ng, trưa, chiều) (Xem th&ecirc;m)</strong></p>\r\n\r\n<p><strong>S&aacute;ng:&nbsp;</strong>D&ugrave;ng buffet s&aacute;ng tại kh&aacute;ch sạn. Khởi h&agrave;nh đến&nbsp;<strong>Đ&agrave; Nẵng</strong>&nbsp;qua&nbsp;<strong>đường hầm Hải V&acirc;n&nbsp;</strong>- hầm đường bộ d&agrave;i nhất Đ&ocirc;ng Nam &Aacute;.</p>\r\n\r\n<p>Đo&agrave;n tham quan một v&ograve;ng&nbsp;<strong>b&aacute;n đảo Sơn Tr&agrave;</strong>&hellip;viếng Linh Ứng Tự v&agrave; thưởng ngoạn vẻ đẹp của biển Mỹ Kh&ecirc; (được đ&aacute;nh gi&aacute; l&agrave; một trong những b&atilde;i biển quyến rũ nhất h&agrave;nh tinh).</p>\r\n\r\n<p>Tham quan&nbsp;<strong>Ngũ H&agrave;nh Sơn</strong>&nbsp;- được v&iacute; như h&ograve;n non bộ khổng lồ giữa l&ograve;ng th&agrave;nh phố Đ&agrave; Nẵng với&nbsp;<strong>Động Huyền Kh&ocirc;ng, Ch&ugrave;a Linh Ứng, Ch&ugrave;a Tam Thai, Vọng Hải Đ&agrave;i</strong>,&hellip;mua sắm qu&agrave; lưu niệm tại<strong>&nbsp;l&agrave;ng nghề đi&ecirc;u khắc đ&aacute; Non Nước.</strong></p>\r\n\r\n<p><strong>Trưa:&nbsp;</strong>D&ugrave;ng bữa trưa tại nh&agrave; h&agrave;ng. Tham quan&nbsp;<strong>Phố Cổ Hội An</strong>&nbsp;-&nbsp;<strong><em>di sản văn ho&aacute; thế giới</em>&nbsp;</strong><em>với&nbsp;</em><strong>Ch&ugrave;a Cầu Nhật Bản, Hội Qu&aacute;n Ph&uacute;c Kiến, Nh&agrave; Cổ Ph&ugrave;ng Hưng&nbsp;</strong>&hellip;</p>\r\n\r\n<p><strong>Tối:&nbsp;</strong>D&ugrave;ng cơm tối tại nh&agrave; h&agrave;ng. Nghỉ đ&ecirc;m tại&nbsp;<strong>Đ&agrave; Nẵng</strong>.</p>\r\n\r\n<p>&nbsp;</p>\r\n\r\n<p><strong>NG&Agrave;Y 4 |&nbsp;CAO NGUY&Ecirc;N B&Agrave; N&Agrave; &ndash; TP.HCM (ăn s&aacute;ng) (Ăn trưa tự t&uacute;c) (Xem th&ecirc;m)</strong></p>\r\n\r\n<p><strong>S&aacute;ng:&nbsp;</strong>D&ugrave;ng buffet s&aacute;ng tại kh&aacute;ch sạn.</p>\r\n\r\n<p>Khởi h&agrave;nh đến với&nbsp;<strong>cao nguy&ecirc;n B&agrave; N&agrave;</strong>&nbsp;nơi c&oacute; kh&iacute; hậu Ch&acirc;u &Acirc;u độc đ&aacute;o v&agrave; nổi tiếng với tuyến c&aacute;p treo kỷ lục mới của thế giới - Ngắm to&agrave;n cảnh th&agrave;nh phố Đ&agrave; Nẵng từ tr&ecirc;n c&aacute;p treo&nbsp;<em>(chi ph&iacute; c&aacute;p treo tự t&uacute;c).</em></p>\r\n\r\n<p>Qu&yacute; kh&aacute;ch tự do tham quan, vui chơi giải tr&iacute; tại B&agrave; N&agrave; với&nbsp;<strong>C&ocirc;ng Vi&ecirc;n Fantasy, Rạp chiếu phim 3D Mega 360 độ với c&ocirc;ng nghệ hiện đại nhất v&agrave; duy nhất c&oacute; ở Vi&ecirc;t Nam, Hai rạp chiếu phim 4D v&agrave; 5Di, Xe Trượt Ống, Hầm rượu, Vườn hoa t&igrave;nh y&ecirc;u, Bảo T&agrave;ng S&aacute;p,&nbsp;</strong>tự do chụp h&igrave;nh tại&nbsp;<strong>Cầu V&agrave;ng</strong>&nbsp;điểm tham quan mới si&ecirc;u hot tại&nbsp;<strong>B&agrave; N&agrave;</strong>.</p>\r\n\r\n<p><strong>Trưa: Qu&yacute; kh&aacute;ch vui l&ograve;ng tự t&uacute;c d&ugrave;ng bữa trưa.</strong></p>\r\n\r\n<p>Du kh&aacute;ch c&oacute; thể t&igrave;m thấy những biểu tượng mang t&iacute;nh t&acirc;m linh như ch&ugrave;a chiền, đền đ&agrave;i hay tượng c&aacute;c đức Phật. Chắc hẳn sẽ l&agrave; điểm dừng ch&acirc;n cho những ai mong cầu b&igrave;nh an v&agrave; sức khỏe cho gia đ&igrave;nh:&nbsp;<strong>Ch&ugrave;a Linh Ứng, Đền Lĩnh Ch&uacute;a Linh Từ, Th&aacute;p Linh Phong Tự, Tượng Th&iacute;ch Ca M&acirc;u Ni, Lầu Chu&ocirc;ng, Nh&agrave; Bia, Miếu B&agrave;, Tr&uacute; Vũ Tr&agrave; Qu&aacute;n</strong>.</p>\r\n\r\n<p>Hướng dẫn vi&ecirc;n tiễn đo&agrave;n ra&nbsp;<strong>s&acirc;n bay Đ&agrave; Nẵng</strong>&nbsp;đ&oacute;n chuyến bay về TP.HCM, kết th&uacute;c chương tr&igrave;nh tham quan, chia tay v&agrave; hẹn gặp lại.</p>', '<p><strong>Gi&aacute; tour bao gồm:</strong></p>\r\n\r\n<ul>\r\n	<li>V&eacute; m&aacute;y bay khứ hồi TP.HCM &ndash; Đ&Agrave; NẴNG &ndash; TP.HCM (Vietjet Air, Jetstar Pacific).</li>\r\n	<li>Xe tham quan (xe 16 chỗ, 29 chỗ, 35 chỗ, 45 chỗ) t&ugrave;y theo số lượng kh&aacute;ch thực tế tr&ecirc;n chuyến đi.</li>\r\n	<li>Kh&aacute;ch sạn ti&ecirc;u chuẩn tương đương 3 sao đầy đủ tiện nghi 2 kh&aacute;ch người lớn/ ph&ograve;ng.\r\n	<ul>\r\n		<li>Nếu lẻ người thứ 3, đ&oacute;ng phụ ph&iacute; ph&ograve;ng đơn hoặc ngủ gh&eacute;p ph&ograve;ng 3 kh&aacute;ch.</li>\r\n		<li>Kh&aacute;ch sạn 3 sao tại Huế: Duy T&acirc;n, Newstar, Thanh Lịch, &hellip;hoặc tương đương.</li>\r\n		<li>Kh&aacute;ch sạn 3 sao tại Đ&agrave; Nẵng: Tiến Thịnh, Golden Star,&hellip;hoặc tương đương.</li>\r\n	</ul>\r\n	</li>\r\n	<li>Ăn uống theo chương tr&igrave;nh:\r\n	<ul>\r\n		<li>Ăn phụ: 3 bữa buffet s&aacute;ng tại kh&aacute;ch sạn</li>\r\n		<li>Ăn ch&iacute;nh: 6 bữa ch&iacute;nh ti&ecirc;u chuẩn 100.000 đồng/bữa.</li>\r\n	</ul>\r\n	</li>\r\n</ul>\r\n\r\n<ul>\r\n	<li>V&eacute; tham quan theo chương tr&igrave;nh.</li>\r\n	<li>Hướng dẫn vi&ecirc;n tiếng Việt vui vẻ nhiệt t&igrave;nh suốt chuyến đi.</li>\r\n	<li>Bảo hiểm với mức bồi thường tối đa 100.000.000 đồng/trường hợp. Kh&ocirc;ng &aacute;p dụng cho kh&aacute;ch từ 80 tuổi trở l&ecirc;n.</li>\r\n	<li>Qu&agrave; tặng: n&oacute;n du lịch Việt, nước, khăn lạnh.</li>\r\n</ul>\r\n\r\n<p><strong>Kh&ocirc;ng bao gồm:</strong></p>\r\n\r\n<ul>\r\n	<li>Bia hay nước ngọt trong c&aacute;c bữa ăn.</li>\r\n	<li>1 bữa trưa ng&agrave;y thứ 4.</li>\r\n	<li>Tham quan ngo&agrave;i chương tr&igrave;nh.</li>\r\n	<li>Chi ph&iacute; c&aacute; nh&acirc;n: điện thoại, giặt ủi&hellip;</li>\r\n	<li>V&eacute; c&aacute;p treo đi B&agrave; N&agrave;, c&ocirc;ng vi&ecirc;n Ch&acirc;u &Aacute;, ca Huế, &hellip;</li>\r\n	<li>Thuế VAT.</li>\r\n	<li>Chi ph&iacute; b&atilde;i biển: d&ugrave;, v&otilde;ng, tắm nước ngọt&hellip;</li>\r\n</ul>', 1, 2, 20, 0, 4990000, 3990000, 0, 0, 0, 0, 0, b'0', b'1', 4, '2020-08-27 07:50:26', '2021-08-12 08:52:17'),
(4, 'Du lịch Miền Trung - Đà Nẵng - Hội An - Huế - Thánh Địa La Vang - Động Thiên Đường từ Sài Gòn 2021', 'du-lich-mien-trung-da-nang-hoi-an-hue-thanh-dia-la-vang-dong-thien-duong-tu-sai-gon-2021', 9, 'uploads/tour/1601546939_jpg', '2020-10-14', '2020-10-17', 3, '<p>NG&Agrave;Y 1 |&nbsp;TP.HCM &ndash; HUẾ &ndash; LĂNG KHẢI ĐỊNH &ndash; ĐẠI NỘI (ăn trưa, chiều)</p>\r\n\r\n<p><strong>S&aacute;ng:&nbsp;</strong>Qu&yacute; kh&aacute;ch c&oacute; mặt tại ga quốc nội, s&acirc;n bay T&acirc;n Sơn Nhất trước giờ bay &iacute;t nhất ba tiếng<strong>.&nbsp;</strong>Đại diện c&ocirc;ng ty&nbsp;<strong>Du Lịch Việt</strong>&nbsp;đ&oacute;n v&agrave; hỗ trợ Qu&yacute; Kh&aacute;ch l&agrave;m thủ tục đ&oacute;n chuyến bay đi&nbsp;<strong>Đ&agrave; Nẵng.</strong></p>\r\n\r\n<p>Đến s&acirc;n bay&nbsp;<strong>Đ&agrave; Nẵng</strong>, Hướng dẫn vi&ecirc;n đ&oacute;n đo&agrave;n khởi h&agrave;nh tới Huế.</p>\r\n\r\n<p>Đo&agrave;n tham quan&nbsp;<strong>Lăng Khải Định&nbsp;</strong>(Ứng Lăng, lăng mộ của vua Khải Định, vị vua thứ 12 của triều Nguyễn) với lối kiến tr&uacute;c độc đ&aacute;o bởi sự pha trộn kiến tr&uacute;c Đ&ocirc;ng T&acirc;y Kim Cổ lạ thường, với c&aacute;c t&aacute;c phẩm nghệ thuật gh&eacute;p tranh s&agrave;nh sứ độc đ&aacute;o.</p>\r\n\r\n<p><strong>Trưa:&nbsp;</strong>D&ugrave;ng bữa trưa tại nh&agrave; h&agrave;ng.&nbsp;Tham quan&nbsp;<strong>Đại Nội</strong>&nbsp;&ndash; Ho&agrave;ng Th&agrave;nh của 13 vị vua triều Nguyễn, nơi c&oacute; hơn 100 c&ocirc;ng tr&igrave;nh kiến tr&uacute;c đẹp:&nbsp;<strong>Ngọ M&ocirc;n, Điện Th&aacute;i H&ograve;a, Tử Cấm Th&agrave;nh, Thế Miếu, Hiển L&acirc;m C&aacute;c, Cửu Đỉnh</strong>,...Tham quan&nbsp;<strong>Ch&ugrave;a Thi&ecirc;n Mụ</strong>&nbsp;-&nbsp; ng&ocirc;i ch&ugrave;a cổ nhất Cố đ&ocirc; Huế .</p>\r\n\r\n<p><strong>Chiều:&nbsp;</strong>D&ugrave;ng cơm chiều tại nh&agrave; h&agrave;ng. Nghỉ đ&ecirc;m tại Huế.</p>\r\n\r\n<p>Du kh&aacute;ch đến thăm cố đ&ocirc; Huế c&oacute; thể trải nghiệm&nbsp;<strong>M&oacute;n cơm Vua</strong>&nbsp;(cơm cung đ&igrave;nh) thưởng thức một bữa ăn m&ocirc; phỏng lại những bữa tiệc cung đ&igrave;nh với c&aacute;c vai vua, ho&agrave;ng hậu, b&aacute; quan văn v&otilde;&nbsp;<em>(chi ph&iacute; tự t&uacute;c</em>); hoặc ngồi tr&ecirc;n x&iacute;ch l&ocirc; chạy ngang qua những th&agrave;nh qu&aacute;ch, phố x&aacute;, qua d&ograve;ng s&ocirc;ng Hương thơ mộng&nbsp; mang đến cảm gi&aacute;c y&ecirc;n b&igrave;nh, thơ mộng rất ri&ecirc;ng của Huế&nbsp;<em>(chi ph&iacute; tự t&uacute;c).</em></p>\r\n\r\n<p>Qu&yacute; kh&aacute;ch c&oacute; thể xu&ocirc;i theo d&ograve;ng s&ocirc;ng Hương nghe Ca Huế, lắng nghe giọng ca ngọt ng&agrave;o mượt m&agrave; của những c&ocirc; g&aacute;i Huế&nbsp;<em>(chi ph&iacute; tự t&uacute;c).</em></p>\r\n\r\n<p>&nbsp;</p>\r\n\r\n<p>NG&Agrave;Y 2 |&nbsp;HUẾ &ndash; TH&Aacute;NH ĐỊA LA VANG &ndash; ĐỘNG PHONG NHA (ăn s&aacute;ng, trưa, chiều) (Xem th&ecirc;m)</p>\r\n\r\n<p><strong>S&aacute;ng:&nbsp;</strong>D&ugrave;ng buffet s&aacute;ng tại kh&aacute;ch sạn. Khởi h&agrave;nh đến&nbsp;<strong>Quảng B&igrave;nh&nbsp;</strong>nơi nổi tiếng với&nbsp;<strong>Vườn quốc gia Phong Nha - Kẻ&nbsp; B&agrave;ng</strong>&nbsp;được UNESCO c&ocirc;ng nhận l&agrave;&nbsp;<em>Di sản thi&ecirc;n nhi&ecirc;n thế giới,</em>&nbsp;tr&ecirc;n đường đi đo&agrave;n v&agrave;o thăm&nbsp;<strong>Th&aacute;nh Địa La Vang</strong>&nbsp;-&nbsp;<em>Tiểu vương cung th&aacute;nh đường.</em></p>\r\n\r\n<p><strong>Trưa:&nbsp;</strong>D&ugrave;ng bữa trưa tại nh&agrave; h&agrave;ng.</p>\r\n\r\n<p>Xu&ocirc;i thuyền theo d&ograve;ng s&ocirc;ng Son v&agrave;o thăm&nbsp;<strong>Động Phong Nha</strong>&nbsp;- Động nước lớn nhất thế giới được Unesco c&ocirc;ng nhận di sản thi&ecirc;n nhi&ecirc;n thế giới với Hang Bi K&yacute;, Động Ti&ecirc;n&hellip;</p>\r\n\r\n<p>Đo&agrave;n khởi h&agrave;nh trở về&nbsp;<strong>Huế</strong>, Qu&yacute; kh&aacute;ch c&oacute; dịp ngắm nh&igrave;n&nbsp;<strong>Vĩ Tuyến 17</strong>&nbsp;với&nbsp;<strong>cầu Hiền Lương</strong>&nbsp;v&agrave;&nbsp;<strong>d&ograve;ng s&ocirc;ng Bến Hải.</strong></p>\r\n\r\n<p><strong>Tối:</strong>&nbsp; D&ugrave;ng cơm tối tại nh&agrave; h&agrave;ng. Nghỉ đ&ecirc;m tại Huế.</p>\r\n\r\n<p>&nbsp;</p>\r\n\r\n<p>NG&Agrave;Y 3 |&nbsp;HUẾ &ndash; Đ&Agrave; NẴNG &ndash; SƠN TR&Agrave; &ndash; HỘI AN (ăn s&aacute;ng, trưa, chiều) (Xem th&ecirc;m)</p>\r\n\r\n<p><strong>S&aacute;ng:&nbsp;</strong>D&ugrave;ng buffet s&aacute;ng tại kh&aacute;ch sạn. Khởi h&agrave;nh đến&nbsp;<strong>Đ&agrave; Nẵng</strong>&nbsp;qua&nbsp;<strong>đường hầm Hải V&acirc;n&nbsp;</strong>- hầm đường bộ d&agrave;i nhất Đ&ocirc;ng Nam &Aacute;.</p>\r\n\r\n<p>Đo&agrave;n tham quan một v&ograve;ng&nbsp;<strong>b&aacute;n đảo Sơn Tr&agrave;</strong>&hellip;viếng Linh Ứng Tự v&agrave; thưởng ngoạn vẻ đẹp của biển Mỹ Kh&ecirc; (được đ&aacute;nh gi&aacute; l&agrave; một trong những b&atilde;i biển quyến rũ nhất h&agrave;nh tinh).</p>\r\n\r\n<p>Tham quan&nbsp;<strong>Ngũ H&agrave;nh Sơn</strong>&nbsp;- được v&iacute; như h&ograve;n non bộ khổng lồ giữa l&ograve;ng th&agrave;nh phố Đ&agrave; Nẵng với&nbsp;<strong>Động Huyền Kh&ocirc;ng, Ch&ugrave;a Linh Ứng, Ch&ugrave;a Tam Thai, Vọng Hải Đ&agrave;i</strong>,&hellip;mua sắm qu&agrave; lưu niệm tại<strong>&nbsp;l&agrave;ng nghề đi&ecirc;u khắc đ&aacute; Non Nước.</strong></p>\r\n\r\n<p><strong>Trưa:&nbsp;</strong>D&ugrave;ng bữa trưa tại nh&agrave; h&agrave;ng. Tham quan&nbsp;<strong>Phố Cổ Hội An</strong>&nbsp;-&nbsp;<strong><em>di sản văn ho&aacute; thế giới</em>&nbsp;</strong><em>với&nbsp;</em><strong>Ch&ugrave;a Cầu Nhật Bản, Hội Qu&aacute;n Ph&uacute;c Kiến, Nh&agrave; Cổ Ph&ugrave;ng Hưng&nbsp;</strong>&hellip;</p>\r\n\r\n<p><strong>Tối:&nbsp;</strong>D&ugrave;ng cơm tối tại nh&agrave; h&agrave;ng. Nghỉ đ&ecirc;m tại&nbsp;<strong>Đ&agrave; Nẵng</strong>.</p>\r\n\r\n<p>&nbsp;</p>\r\n\r\n<p>NG&Agrave;Y 4 |&nbsp;CAO NGUY&Ecirc;N B&Agrave; N&Agrave; &ndash; TP.HCM (ăn s&aacute;ng) (Ăn trưa tự t&uacute;c) (Xem th&ecirc;m)</p>\r\n\r\n<p><strong>S&aacute;ng:&nbsp;</strong>D&ugrave;ng buffet s&aacute;ng tại kh&aacute;ch sạn.</p>\r\n\r\n<p>Khởi h&agrave;nh đến với&nbsp;<strong>cao nguy&ecirc;n B&agrave; N&agrave;</strong>&nbsp;nơi c&oacute; kh&iacute; hậu Ch&acirc;u &Acirc;u độc đ&aacute;o v&agrave; nổi tiếng với tuyến c&aacute;p treo kỷ lục mới của thế giới - Ngắm to&agrave;n cảnh th&agrave;nh phố Đ&agrave; Nẵng từ tr&ecirc;n c&aacute;p treo&nbsp;<em>(chi ph&iacute; c&aacute;p treo tự t&uacute;c).</em></p>\r\n\r\n<p>Qu&yacute; kh&aacute;ch tự do tham quan, vui chơi giải tr&iacute; tại B&agrave; N&agrave; với&nbsp;<strong>C&ocirc;ng Vi&ecirc;n Fantasy, Rạp chiếu phim 3D Mega 360 độ với c&ocirc;ng nghệ hiện đại nhất v&agrave; duy nhất c&oacute; ở Vi&ecirc;t Nam, Hai rạp chiếu phim 4D v&agrave; 5Di, Xe Trượt Ống, Hầm rượu, Vườn hoa t&igrave;nh y&ecirc;u, Bảo T&agrave;ng S&aacute;p,&nbsp;</strong>tự do chụp h&igrave;nh tại&nbsp;<strong>Cầu V&agrave;ng</strong>&nbsp;điểm tham quan mới si&ecirc;u hot tại&nbsp;<strong>B&agrave; N&agrave;</strong>.</p>\r\n\r\n<p><strong>Trưa: Qu&yacute; kh&aacute;ch vui l&ograve;ng tự t&uacute;c d&ugrave;ng bữa trưa.</strong></p>\r\n\r\n<p>Du kh&aacute;ch c&oacute; thể t&igrave;m thấy những biểu tượng mang t&iacute;nh t&acirc;m linh như ch&ugrave;a chiền, đền đ&agrave;i hay tượng c&aacute;c đức Phật. Chắc hẳn sẽ l&agrave; điểm dừng ch&acirc;n cho những ai mong cầu b&igrave;nh an v&agrave; sức khỏe cho gia đ&igrave;nh:&nbsp;<strong>Ch&ugrave;a Linh Ứng, Đền Lĩnh Ch&uacute;a Linh Từ, Th&aacute;p Linh Phong Tự, Tượng Th&iacute;ch Ca M&acirc;u Ni, Lầu Chu&ocirc;ng, Nh&agrave; Bia, Miếu B&agrave;, Tr&uacute; Vũ Tr&agrave; Qu&aacute;n</strong>.</p>\r\n\r\n<p>Hướng dẫn vi&ecirc;n tiễn đo&agrave;n ra&nbsp;<strong>s&acirc;n bay Đ&agrave; Nẵng</strong>&nbsp;đ&oacute;n chuyến bay về TP.HCM, kết th&uacute;c chương tr&igrave;nh tham quan, chia tay v&agrave; hẹn gặp lại.</p>', '<p>Giờ bay c&oacute; thể thay đổi theo quy định của h&agrave;ng kh&ocirc;ng. Du Lịch Việt sẽ thay đổi chương tr&igrave;nh cho ph&ugrave; hợp với giờ bay mới nhưng sẽ kh&ocirc;ng chịu tr&aacute;ch nhiệm về c&aacute;c khoản chi ph&iacute; ph&aacute;t sinh.</p>\r\n\r\n<p><strong>Gi&aacute; tour bao gồm:</strong></p>\r\n\r\n<ul>\r\n	<li>V&eacute; m&aacute;y bay khứ hồi TP.HCM &ndash; Đ&Agrave; NẴNG &ndash; TP.HCM (Vietjet Air, Jetstar Pacific&hellip;)</li>\r\n	<li>Xe tham quan (xe 16 chỗ, 29 chỗ, 35 chỗ, 45 chỗ) t&ugrave;y theo số lượng kh&aacute;ch thực tế tr&ecirc;n chuyến đi.</li>\r\n	<li>Kh&aacute;ch sạn ti&ecirc;u chuẩn đầy đủ tiện nghi 2 kh&aacute;ch người lớn/ ph&ograve;ng. Nếu lẻ người thứ 3, đ&oacute;ng phụ ph&iacute; ph&ograve;ng đơn hoặc ngủ gh&eacute;p ph&ograve;ng 3 kh&aacute;ch.</li>\r\n</ul>\r\n\r\n<p>+ Kh&aacute;ch sạn 3 sao tại Đ&agrave; Nẵng: H&ugrave;ng Anh,&hellip;hoặc tương đương.</p>\r\n\r\n<ul>\r\n	<li>Ăn uống theo chương tr&igrave;nh:</li>\r\n</ul>\r\n\r\n<p>+ Ăn phụ: 2 bữa buffet s&aacute;ng tại kh&aacute;ch sạn.</p>\r\n\r\n<p>+ Ăn ch&iacute;nh: 4 bữa ch&iacute;nh ti&ecirc;u chuẩn 100.000 đồng/bữa.</p>\r\n\r\n<ul>\r\n	<li>V&eacute; tham quan theo chương tr&igrave;nh.</li>\r\n	<li>Hướng dẫn vi&ecirc;n tiếng Việt vui vẻ nhiệt t&igrave;nh suốt chuyến đi.</li>\r\n	<li>Bảo hiểm với mức bồi thường tối đa 100.000.000 đồng/trường hợp. Kh&ocirc;ng &aacute;p dụng cho kh&aacute;ch từ 80 tuổi trở l&ecirc;n.</li>\r\n	<li>Qu&agrave; tặng: n&oacute;n du lịch Việt, nước, khăn lạnh.</li>\r\n</ul>\r\n\r\n<p><strong>Kh&ocirc;ng bao gồm:</strong></p>\r\n\r\n<ul>\r\n	<li>Bia hay nước ngọt trong c&aacute;c bữa ăn.</li>\r\n	<li>Tham quan ngo&agrave;i chương tr&igrave;nh.</li>\r\n	<li>Chi ph&iacute; c&aacute; nh&acirc;n: điện thoại, giặt ủi&hellip;</li>\r\n	<li>V&eacute; c&aacute;p treo đi B&agrave; N&agrave;, c&ocirc;ng vi&ecirc;n Ch&acirc;u &Aacute;, C&ocirc;ng vi&ecirc;n Suối kho&aacute;ng n&oacute;ng N&uacute;i Thần T&agrave;i, Show K&yacute; ức Hội An &hellip;</li>\r\n	<li>1 bữa ăn trưa ng&agrave;y thứ 2 tham quan B&agrave; N&agrave;.</li>\r\n	<li>Chi ph&iacute; b&atilde;i biển: d&ugrave;, v&otilde;ng, tắm nước ngọt&hellip;</li>\r\n	<li>Thuế VAT.</li>\r\n</ul>', 1, 2, 20, 20, 4990000, 0, 1000000, 2000000, 0, 0, 0, b'0', b'1', 4, '2020-10-01 03:08:59', '2020-10-11 03:28:24');
INSERT INTO `tours` (`id`, `name`, `slug`, `category_id`, `image`, `start_date`, `end_date`, `days`, `schedule`, `note`, `transport_id`, `starting_position_id`, `total_num`, `member_num`, `price`, `price_1_2`, `price_2_5`, `price_5_11`, `visa_price`, `discount`, `position`, `is_hot`, `is_active`, `user_id`, `created_at`, `updated_at`) VALUES
(5, 'Du lịch Miền Trung - Đà Nẵng - Hội An - Thánh Địa Lạ Vang - Động Phong Nha từ Sài Gòn 2020', 'du-lich-mien-trung-da-nang-hoi-an-thanh-dia-la-vang-dong-phong-nha-tu-sai-gon-2020', 9, 'uploads/tour/1601547741_jpg', '2020-10-21', '2020-10-25', 4, '<p>NG&Agrave;Y 1 |&nbsp;TP.HCM &ndash; HUẾ &ndash; ĐẠI NỘI &ndash; CH&Ugrave;A THI&Ecirc;N MỤ (ăn trưa, chiều)</p>\r\n\r\n<p>&nbsp;</p>\r\n\r\n<p><strong>S&aacute;ng:&nbsp;</strong>Qu&yacute; kh&aacute;ch c&oacute; mặt tại ga quốc nội, s&acirc;n bay T&acirc;n Sơn Nhất trước giờ bay &iacute;t nhất ba tiếng<strong>.&nbsp;</strong>Đại diện c&ocirc;ng ty&nbsp;<strong>Du Lịch Việt</strong>&nbsp;đ&oacute;n v&agrave; hỗ trợ Qu&yacute; Kh&aacute;ch l&agrave;m thủ tục đ&oacute;n chuyến bay đi&nbsp;<strong>Đ&agrave; Nẵng.</strong></p>\r\n\r\n<p>Đến s&acirc;n bay&nbsp;<strong>Đ&agrave; Nẵng</strong>, Hướng dẫn vi&ecirc;n đ&oacute;n đo&agrave;n khởi h&agrave;nh tới&nbsp;<strong>Huế.</strong></p>\r\n\r\n<p>Tham quan&nbsp;<strong>Lăng Khải Định&nbsp;</strong>(Ứng Lăng, lăng mộ của vua Khải Định, vị vua thứ 12 của triều Nguyễn) với lối kiến tr&uacute;c độc đ&aacute;o bởi sự pha trộn kiến tr&uacute;c Đ&ocirc;ng T&acirc;y Kim Cổ lạ thường, với c&aacute;c t&aacute;c phẩm nghệ thuật gh&eacute;p tranh s&agrave;nh sứ độc đ&aacute;o.</p>\r\n\r\n<p>&nbsp;</p>\r\n\r\n<p><strong>Trưa:</strong>&nbsp;Đo&agrave;n d&ugrave;ng cơm trưa.</p>\r\n\r\n<p>Tham quan&nbsp;<strong>Đại Nội</strong>&nbsp;&ndash; Ho&agrave;ng Th&agrave;nh của 13 vị vua triều Nguyễn, nơi c&oacute; hơn 100 c&ocirc;ng tr&igrave;nh kiến tr&uacute;c đẹp: Ngọ M&ocirc;n, Điện Th&aacute;i H&ograve;a, Tử Cấm Th&agrave;nh, Thế Miếu, Hiển L&acirc;m C&aacute;c, Cửu Đỉnh&hellip;</p>\r\n\r\n<p>Tham quan&nbsp;<strong>ch&ugrave;a Thi&ecirc;n Mụ</strong>&nbsp;&ndash;&nbsp;&nbsp;<em>ng&ocirc;i ch&ugrave;a cổ nhất Cố đ&ocirc; Huế.</em></p>\r\n\r\n<p>&nbsp;</p>\r\n\r\n<p><strong>Chiều:&nbsp;&nbsp;&nbsp;</strong>D&ugrave;ng cơm chiều tại nh&agrave; h&agrave;ng. Nghỉ đ&ecirc;m tại Huế.</p>\r\n\r\n<p>Qu&yacute; kh&aacute;ch c&oacute; thể xu&ocirc;i theo d&ograve;ng s&ocirc;ng Hương&nbsp;<strong>nghe Ca Huế</strong>, lắng nghe giọng ca ngọt ng&agrave;o mượt m&agrave; của những c&ocirc; g&aacute;i Huế&nbsp;<em>(chi ph&iacute; tự t&uacute;c).</em></p>\r\n\r\n<p>&nbsp;</p>\r\n\r\n<p>NG&Agrave;Y 2 |&nbsp;HUẾ &ndash; QUẢNG B&Igrave;NH &ndash; ĐỘNG PHONG NHA (ăn s&aacute;ng, trưa, chiều) (Xem th&ecirc;m)</p>\r\n\r\n<p><strong>S&aacute;ng:</strong>&nbsp;D&ugrave;ng buffet s&aacute;ng tại kh&aacute;ch sạn.</p>\r\n\r\n<p>Khởi h&agrave;nh đến&nbsp;<strong>Quảng B&igrave;nh&nbsp;</strong>nơi nổi tiếng với&nbsp;<strong>Vườn quốc gia Phong Nha - Kẻ&nbsp; B&agrave;ng</strong>&nbsp;được UNESCO c&ocirc;ng nhận l&agrave;&nbsp;<em>Di sản thi&ecirc;n nhi&ecirc;n thế giới,</em>&nbsp;tr&ecirc;n đường đi đo&agrave;n v&agrave;o thăm&nbsp;<strong>Th&aacute;nh Địa La Vang</strong>&nbsp;-&nbsp;<em>Tiểu vương cung th&aacute;nh đường.</em></p>\r\n\r\n<p>&nbsp;</p>\r\n\r\n<p><strong>Trưa:&nbsp;</strong>D&ugrave;ng bữa trưa tại nh&agrave; h&agrave;ng.</p>\r\n\r\n<p>Xu&ocirc;i thuyền theo&nbsp;<strong>d&ograve;ng s&ocirc;ng Son</strong>&nbsp;v&agrave;o thăm&nbsp;<strong>Động Phong Nha</strong>&nbsp;- Động nước lớn nhất thế giới được Unesco c&ocirc;ng nhận di sản thi&ecirc;n nhi&ecirc;n thế giới với Hang Bi K&yacute;, Động Ti&ecirc;n&hellip;</p>\r\n\r\n<p>Đo&agrave;n khởi h&agrave;nh trở về&nbsp;<strong>Huế</strong>, Qu&yacute; kh&aacute;ch c&oacute; dịp ngắm nh&igrave;n&nbsp;<strong>Vĩ Tuyến 17</strong>&nbsp;với&nbsp;<strong>cầu Hiền Lương</strong>&nbsp;v&agrave;&nbsp;<strong>d&ograve;ng s&ocirc;ng Bến Hải.</strong></p>\r\n\r\n<p>&nbsp;</p>\r\n\r\n<p><strong>Tối:&nbsp;</strong>D&ugrave;ng cơm tối tại nh&agrave; h&agrave;ng. Nghỉ đ&ecirc;m tại Huế.&nbsp;&nbsp;&nbsp;&nbsp;&nbsp;&nbsp;&nbsp;</p>\r\n\r\n<p>NG&Agrave;Y 3 |&nbsp;B&Aacute;N ĐẢO SƠN TR&Agrave; &ndash; Đ&Agrave; NẴNG (ăn s&aacute;ng, trưa, chiều) (Xem th&ecirc;m)</p>\r\n\r\n<p><strong>S&aacute;ng:</strong>&nbsp;D&ugrave;ng buffet s&aacute;ng tại kh&aacute;ch sạn. Đo&agrave;n khởi h&agrave;nh trở về Đ&agrave; Nẵng.</p>\r\n\r\n<p>Tham quan một v&ograve;ng&nbsp;<strong>b&aacute;n đảo Sơn Tr&agrave;</strong>&hellip;viếng&nbsp;<strong>Linh Ứng Tự</strong>&nbsp;v&agrave; thưởng ngoạn vẻ đẹp của&nbsp;<strong>biển Mỹ Kh&ecirc;</strong>&nbsp;<em>(được đ&aacute;nh gi&aacute; l&agrave; một trong những b&atilde;i biển quyến rũ nhất h&agrave;nh tinh).</em></p>\r\n\r\n<p>&nbsp;</p>\r\n\r\n<p><strong>Trưa:&nbsp;</strong>D&ugrave;ng bữa trưa tại nh&agrave; h&agrave;ng.</p>\r\n\r\n<p>Qu&yacute; kh&aacute;ch tự do tắm b&atilde;i biển Phạm Văn Đồng với b&atilde;i c&aacute;t trắng mịn trải d&agrave;i, thu h&uacute;t rất nhiều kh&aacute;ch du lịch trong v&agrave; ngo&agrave;i nước, hoặc nhận ph&ograve;ng nghỉ ngơi.</p>\r\n\r\n<p>&nbsp;</p>\r\n\r\n<p><strong>Chiều:&nbsp;&nbsp;</strong>D&ugrave;ng cơm chiều tại nh&agrave; h&agrave;ng. Nghỉ đ&ecirc;m tại Đ&agrave; Nẵng.</p>\r\n\r\n<p>Qu&yacute; kh&aacute;ch tự do dạo phố, ngắm c&aacute;c c&acirc;y cầu nổi tiếng của th&agrave;nh phố Đ&agrave; Nẵng: cầu Rồng, cầu S&ocirc;ng H&agrave;n, cầu Trần Thị L&yacute;, cầu Thuận Phước...</p>\r\n\r\n<p>&nbsp;</p>\r\n\r\n<p>NG&Agrave;Y 4 |&nbsp;Đ&Agrave; NẴNG &ndash; NGŨ H&Agrave;NH SƠN &ndash; HỘI AN (ăn s&aacute;ng, trưa, chiều) (Xem th&ecirc;m)</p>\r\n\r\n<p><strong>S&aacute;ng:</strong>&nbsp; &nbsp; D&ugrave;ng buffet s&aacute;ng tại kh&aacute;ch sạn.</p>\r\n\r\n<p>Tham quan&nbsp;<strong>Ngũ H&agrave;nh Sơn</strong>&nbsp;- được v&iacute; như h&ograve;n non bộ khổng lồ giữa l&ograve;ng th&agrave;nh phố Đ&agrave; Nẵng với&nbsp;<strong>Động Huyền Kh&ocirc;ng, Ch&ugrave;a Linh Ứng, Ch&ugrave;a Tam Thai, Vọng Hải Đ&agrave;i</strong>, &hellip; mua sắm qu&agrave; lưu niệm tại l&agrave;ng nghề đi&ecirc;u khắc đ&aacute; Non Nước.</p>\r\n\r\n<p>&nbsp;</p>\r\n\r\n<p><strong>Trưa:&nbsp;</strong>D&ugrave;ng bữa trưa tại nh&agrave; h&agrave;ng.</p>\r\n\r\n<p>Tham quan&nbsp;<strong>Phố Cổ Hội An</strong>&nbsp;- di sản văn ho&aacute; thế giới với Ch&ugrave;a Cầu Nhật Bản, Hội Qu&aacute;n Ph&uacute;c Kiến, Nh&agrave; Cổ Ph&ugrave;ng Hưng&hellip;</p>\r\n\r\n<p>&nbsp;</p>\r\n\r\n<p><strong>Chiều:&nbsp;</strong>D&ugrave;ng cơm chiều tại nh&agrave; h&agrave;ng. Nghỉ đ&ecirc;m tại&nbsp;<strong>Đ&agrave; Nẵng.</strong>&nbsp;</p>\r\n\r\n<p>NG&Agrave;Y 5 |&nbsp;Đ&Agrave; NẴNG &ndash; B&Agrave; N&Agrave; &ndash; TP.HCM (Ăn s&aacute;ng- Ăn trưa tự t&uacute;c) (Xem th&ecirc;m)</p>\r\n\r\n<p><strong>S&aacute;ng:&nbsp;</strong>D&ugrave;ng buffet s&aacute;ng tại kh&aacute;ch sạn.</p>\r\n\r\n<p>Khởi h&agrave;nh đến với&nbsp;<strong>cao nguy&ecirc;n B&agrave; N&agrave;</strong>&nbsp;nơi c&oacute; kh&iacute; hậu Ch&acirc;u &Acirc;u độc đ&aacute;o v&agrave; nổi tiếng với tuyến c&aacute;p treo kỷ lục mới của thế giới - Ngắm to&agrave;n cảnh th&agrave;nh phố Đ&agrave; Nẵng từ tr&ecirc;n c&aacute;p treo&nbsp;<em>(chi ph&iacute; c&aacute;p treo tự t&uacute;c).</em></p>\r\n\r\n<p>Qu&yacute; kh&aacute;ch tự do tham quan, vui chơi giải tr&iacute; tại B&agrave; N&agrave; với&nbsp;<strong>C&ocirc;ng Vi&ecirc;n Fantasy</strong>,&nbsp;<strong>Rạp chiếu phim 3D Mega 360 độ</strong>&nbsp;với c&ocirc;ng nghệ hiện đại nhất v&agrave; duy nhất c&oacute; ở Vi&ecirc;t Nam,&nbsp;<strong>Hai rạp chiếu phim 4D v&agrave; 5Di</strong>,&nbsp;<strong>Xe Trượt Ống</strong>,&nbsp;<strong>Hầm rượu, Vườn hoa t&igrave;nh y&ecirc;u</strong>,&nbsp;<strong>Bảo T&agrave;ng S&aacute;p, chụp h&igrave;nh tại Cầu V&agrave;ng điểm tham quan mới si&ecirc;u hot tại B&agrave; N&agrave;.</strong></p>\r\n\r\n<p>&nbsp;</p>\r\n\r\n<p><strong>Trưa:&nbsp;</strong>Qu&yacute; kh&aacute;ch vui l&ograve;ng tự t&uacute;c bữa ăn trưa.</p>\r\n\r\n<p>Du kh&aacute;ch c&oacute; thể t&igrave;m thấy những biểu tượng mang t&iacute;nh t&acirc;m linh như ch&ugrave;a chiền, đền đ&agrave;i hay tượng c&aacute;c đức Phật. Chắc hẳn sẽ l&agrave; điểm dừng ch&acirc;n cho những ai mong cầu b&igrave;nh an v&agrave; sức khỏe cho gia đ&igrave;nh:&nbsp;<strong>Ch&ugrave;a Linh Ứng, Đền Lĩnh Ch&uacute;a Linh Từ, Th&aacute;p Linh Phong Tự, Tượng Th&iacute;ch Ca M&acirc;u Ni, Lầu Chu&ocirc;ng, Nh&agrave; Bia, Miếu B&agrave;, Tr&uacute; Vũ Tr&agrave; Qu&aacute;n.</strong></p>\r\n\r\n<p>Hướng dẫn vi&ecirc;n tiễn đo&agrave;n ra s&acirc;n bay Đ&agrave; Nẵng đ&oacute;n chuyến bay về&nbsp; TP.HCM, kết th&uacute;c chương tr&igrave;nh tham quan, chia tay v&agrave; hẹn gặp lại Qu&yacute; kh&aacute;ch.</p>', '<p>Giờ bay c&oacute; thể thay đổi theo quy định của h&agrave;ng kh&ocirc;ng. Du Lịch Việt sẽ thay đổi chương tr&igrave;nh cho ph&ugrave; hợp với giờ bay mới nhưng sẽ kh&ocirc;ng chịu tr&aacute;ch nhiệm về c&aacute;c khoản chi ph&iacute; ph&aacute;t sinh.</p>\r\n\r\n<p><strong>Gi&aacute; tour bao gồm:</strong></p>\r\n\r\n<ul>\r\n	<li>V&eacute; m&aacute;y bay khứ hồi TP.HCM &ndash; Đ&Agrave; NẴNG &ndash; TP.HCM (Vietjet Air, Jetstar Pacific&hellip;)</li>\r\n	<li>Xe tham quan (xe 16 chỗ, 29 chỗ, 35 chỗ, 45 chỗ) t&ugrave;y theo số lượng kh&aacute;ch thực tế tr&ecirc;n chuyến đi.</li>\r\n	<li>Kh&aacute;ch sạn ti&ecirc;u chuẩn đầy đủ tiện nghi 2 kh&aacute;ch người lớn/ ph&ograve;ng. Nếu lẻ người thứ 3, đ&oacute;ng phụ ph&iacute; ph&ograve;ng đơn hoặc ngủ gh&eacute;p ph&ograve;ng 3 kh&aacute;ch.</li>\r\n</ul>\r\n\r\n<p>+ Kh&aacute;ch sạn 3 sao tại Đ&agrave; Nẵng: H&ugrave;ng Anh,&hellip;hoặc tương đương.</p>\r\n\r\n<ul>\r\n	<li>Ăn uống theo chương tr&igrave;nh:</li>\r\n</ul>\r\n\r\n<p>+ Ăn phụ: 2 bữa buffet s&aacute;ng tại kh&aacute;ch sạn.</p>\r\n\r\n<p>+ Ăn ch&iacute;nh: 4 bữa ch&iacute;nh ti&ecirc;u chuẩn 100.000 đồng/bữa.</p>\r\n\r\n<ul>\r\n	<li>V&eacute; tham quan theo chương tr&igrave;nh.</li>\r\n	<li>Hướng dẫn vi&ecirc;n tiếng Việt vui vẻ nhiệt t&igrave;nh suốt chuyến đi.</li>\r\n	<li>Bảo hiểm với mức bồi thường tối đa 100.000.000 đồng/trường hợp. Kh&ocirc;ng &aacute;p dụng cho kh&aacute;ch từ 80 tuổi trở l&ecirc;n.</li>\r\n	<li>Qu&agrave; tặng: n&oacute;n du lịch Việt, nước, khăn lạnh.</li>\r\n</ul>\r\n\r\n<p><strong>Kh&ocirc;ng bao gồm:</strong></p>\r\n\r\n<ul>\r\n	<li>Bia hay nước ngọt trong c&aacute;c bữa ăn.</li>\r\n	<li>Tham quan ngo&agrave;i chương tr&igrave;nh.</li>\r\n	<li>Chi ph&iacute; c&aacute; nh&acirc;n: điện thoại, giặt ủi&hellip;</li>\r\n	<li>V&eacute; c&aacute;p treo đi B&agrave; N&agrave;, c&ocirc;ng vi&ecirc;n Ch&acirc;u &Aacute;, C&ocirc;ng vi&ecirc;n Suối kho&aacute;ng n&oacute;ng N&uacute;i Thần T&agrave;i, Show K&yacute; ức Hội An &hellip;</li>\r\n	<li>1 bữa ăn trưa ng&agrave;y thứ 2 tham quan B&agrave; N&agrave;.</li>\r\n	<li>Chi ph&iacute; b&atilde;i biển: d&ugrave;, v&otilde;ng, tắm nước ngọt&hellip;</li>\r\n	<li>Thuế VAT.</li>\r\n</ul>', 1, 1, 20, 0, 5699000, 0, 1000000, 1500000, 0, 0, 0, b'0', b'1', 4, '2020-10-01 03:22:21', '2020-10-01 04:08:22'),
(6, 'Du lịch Đà Nẵng - Bà Nà - Hội An - Núi Thần Tài - Xem Show Ký Ức Hội An bay Vietnam Airlines', 'du-lich-da-nang-ba-na-hoi-an-nui-than-tai-xem-show-ky-uc-hoi-an-bay-vietnam-airlines', 9, 'uploads/tour/1601550302_jpg', '2020-10-18', '2020-10-20', 2, '<p>NG&Agrave;Y 1 |&nbsp;TP.HCM &ndash; Đ&Agrave; NẴNG &ndash; HỘI AN (ăn trưa, chiều)</p>\r\n\r\n<p>S&aacute;ng: Qu&yacute; kh&aacute;ch c&oacute; mặt tại ga quốc nội, s&acirc;n bay T&acirc;n Sơn Nhất trước giờ bay &iacute;t nhất ba tiếng.</p>\r\n\r\n<ul>\r\n	<li>Đại diện c&ocirc;ng ty Du Lịch Việt đ&oacute;n v&agrave; hỗ trợ Qu&yacute; Kh&aacute;ch l&agrave;m thủ tục đ&oacute;n chuyến bay đi Đ&agrave; Nẵng.</li>\r\n	<li>Đến s&acirc;n bay, Hướng dẫn vi&ecirc;n đ&oacute;n đo&agrave;n Tham quan Ngũ H&agrave;nh Sơn - được v&iacute; như h&ograve;n non bộ khổng lồ giữa l&ograve;ng th&agrave;nh phố Đ&agrave; Nẵng với Động Huyền Kh&ocirc;ng, Ch&ugrave;a Linh Ứng, Ch&ugrave;a Tam Thai, Vọng Hải Đ&agrave;i, &hellip;mua sắm qu&agrave; lưu niệm tại l&agrave;ng nghề đi&ecirc;u khắc đ&aacute; Non Nước.</li>\r\n</ul>\r\n\r\n<p>Trưa: D&ugrave;ng cơm trưa.</p>\r\n\r\n<ul>\r\n	<li>Đến Hội An, tham quan Phố Cổ Hội An - di sản văn ho&aacute; thế giới với Ch&ugrave;a Cầu Nhật Bản, Hội Qu&aacute;n Ph&uacute;c Kiến, Nh&agrave; Cổ Ph&ugrave;ng Hưng&hellip;</li>\r\n</ul>\r\n\r\n<p>Chiều: D&ugrave;ng cơm chiều.</p>\r\n\r\n<ul>\r\n	<li>Trải nghiệm Show diễn &ldquo;K&yacute; Ức Hội An&rdquo;, chương tr&igrave;nh văn h&oacute;a nghệ thuật ngo&agrave;i trời độc đ&aacute;o, với sự tổng h&ograve;a tinh tế của &acirc;m nhạc, thơ ca, &aacute;nh s&aacute;ng, nghệ thuật tr&igrave;nh diễn 3D, tạo h&igrave;nh, m&uacute;a&hellip; Vở diễn l&agrave; c&acirc;u chuyện t&aacute;i hiện lại những n&eacute;t văn h&oacute;a đặc trưng của Hội An 400 năm lịch sử với cuộc sống th&ocirc;n qu&ecirc; b&igrave;nh dị, tới những n&eacute;t ho&agrave;ng kim của một thương cảng sầm uất một thời. (chi ph&iacute; tự t&uacute;c)&nbsp;&nbsp; &nbsp;</li>\r\n	<li>Đo&agrave;n trở về, nghỉ đ&ecirc;m tại Đ&agrave; Nẵng. &nbsp; &nbsp; &nbsp; &nbsp;&nbsp;</li>\r\n	<li>&nbsp;</li>\r\n</ul>\r\n\r\n<p>NG&Agrave;Y 2 |&nbsp;Đ&Agrave; NẴNG &ndash; CAO NGUY&Ecirc;N B&Agrave; N&Agrave; (ăn s&aacute;ng, chiều) (ăn trưa tự t&uacute;c)</p>\r\n\r\n<p>S&aacute;ng: D&ugrave;ng buffet s&aacute;ng tại kh&aacute;ch sạn.</p>\r\n\r\n<ul>\r\n	<li>Khởi h&agrave;nh đến với cao nguy&ecirc;n B&agrave; N&agrave; nơi c&oacute; kh&iacute; hậu Ch&acirc;u &Acirc;u độc đ&aacute;o v&agrave; nổi tiếng với tuyến c&aacute;p treo kỷ lục mới của thế giới - Ngắm to&agrave;n cảnh th&agrave;nh phố Đ&agrave; Nẵng từ tr&ecirc;n c&aacute;p treo (chi ph&iacute; c&aacute;p treo tự t&uacute;c).</li>\r\n	<li>Qu&yacute; kh&aacute;ch tự do tham quan, vui chơi giải tr&iacute; tại B&agrave; N&agrave; với C&ocirc;ng Vi&ecirc;n Fantasy, Rạp chiếu phim 3D Mega 360 độ với c&ocirc;ng nghệ hiện đại nhất v&agrave; duy nhất c&oacute; ở Vi&ecirc;t Nam, Hai rạp chiếu phim 4D v&agrave; 5Di, Xe Trượt Ống, Hầm rượu, Vườn hoa t&igrave;nh y&ecirc;u, Bảo T&agrave;ng S&aacute;p, tự do chụp h&igrave;nh tại Cầu V&agrave;ng điểm tham quan mới si&ecirc;u hot tại B&agrave; N&agrave;.</li>\r\n</ul>\r\n\r\n<p>Qu&yacute; kh&aacute;ch tự t&uacute;c bữa ăn trưa.</p>\r\n\r\n<ul>\r\n	<li>Du kh&aacute;ch c&oacute; thể t&igrave;m thấy những biểu tượng mang t&iacute;nh t&acirc;m linh như ch&ugrave;a chiền, đền đ&agrave;i hay tượng c&aacute;c đức Phật. Chắc hẳn sẽ l&agrave; điểm dừng ch&acirc;n cho những ai mong cầu b&igrave;nh an v&agrave; sức khỏe cho gia đ&igrave;nh: Ch&ugrave;a Linh Ứng, Đền Lĩnh Ch&uacute;a Linh Từ, Th&aacute;p Linh Phong Tự, Tượng Th&iacute;ch Ca M&acirc;u Ni, Lầu Chu&ocirc;ng, Nh&agrave; Bia, Miếu B&agrave;, Tr&uacute; Vũ Tr&agrave; Qu&aacute;n.</li>\r\n</ul>\r\n\r\n<p>&nbsp;</p>\r\n\r\n<p>Chiều: D&ugrave;ng cơm chiều. Nghỉ đ&ecirc;m tại Đ&agrave; Nẵng. &nbsp; &nbsp; &nbsp; &nbsp;&nbsp;</p>\r\n\r\n<ul>\r\n	<li>Qu&yacute; kh&aacute;ch tự do dạo phố, ngắm c&aacute;c c&acirc;y cầu nổi tiếng của th&agrave;nh phố Đ&agrave; Nẵng: cầu Rồng, cầu S&ocirc;ng H&agrave;n, cầu Trần Thị L&yacute;, cầu Thuận Phước...</li>\r\n</ul>\r\n\r\n<p>&nbsp;</p>\r\n\r\n<p>NG&Agrave;Y 3 |&nbsp;Đ&Agrave; NẴNG &ndash; TP.HCM (ăn s&aacute;ng, trưa)</p>\r\n\r\n<p>S&aacute;ng: D&ugrave;ng buffet s&aacute;ng tại kh&aacute;ch sạn.</p>\r\n\r\n<ul>\r\n	<li>Khởi h&agrave;nh tới khu du lịch C&ocirc;ng vi&ecirc;n Suối kho&aacute;ng n&oacute;ng N&uacute;i Thần T&agrave;i. Qu&yacute; kh&aacute;ch sẽ tắm kho&aacute;ng tại Long Nguyệt Hồ v&agrave; c&aacute;c hồ tự nhi&ecirc;n kh&aacute;c, thư gi&atilde;n với x&ocirc;ng hơi kh&ocirc;, x&ocirc;ng hơi ướt, ng&acirc;m ch&acirc;n trực tiếp tại c&aacute;c mỏ kho&aacute;ng ph&aacute;t lộ, vui chơi tại c&ocirc;ng vi&ecirc;n nước, trượt phao chinh phục d&ograve;ng s&ocirc;ng Lười. Viếng thăm Đền Thần T&agrave;i, trải nghiệp rạp chiếu phim 7D - 9D - 12D, tham quan chụp h&igrave;nh tại c&aacute;c điểm trong khu du lịch,&hellip; Tự do trải nghiệm c&aacute;c dịch vụ tắm Onsen Nhật Bản, tắm b&ugrave;n, tắm Tr&agrave; - Sữa - C&agrave; Ph&ecirc; - Sả&hellip; (chi ph&iacute; tự t&uacute;c).</li>\r\n</ul>\r\n\r\n<p>Trưa: D&ugrave;ng cơm trưa.</p>\r\n\r\n<ul>\r\n	<li>Tham quan một v&ograve;ng b&aacute;n đảo Sơn Tr&agrave;&hellip;viếng Linh Ứng Tự v&agrave; thưởng ngoạn vẻ đẹp của biển Mỹ Kh&ecirc; (được đ&aacute;nh gi&aacute; l&agrave; một trong những b&atilde;i biển quyến rũ nhất h&agrave;nh tinh).</li>\r\n	<li>Tham quan C&ocirc;ng vi&ecirc;n Ch&acirc;u &Aacute; - Asia Park Đ&agrave; Nẵng, b&ecirc;n bờ T&acirc;y s&ocirc;ng H&agrave;n, sự kết hợp những n&eacute;t độc đ&aacute;o, mới lạ của c&aacute;c m&ocirc; h&igrave;nh giải tr&iacute; tr&ecirc;n thế giới với những n&eacute;t văn h&oacute;a đặc sắc đậm chất &Aacute; Đ&ocirc;ng (chi ph&iacute; tự t&uacute;c).</li>\r\n</ul>\r\n\r\n<p>Hướng dẫn vi&ecirc;n tiễn đo&agrave;n ra s&acirc;n bay Đ&agrave; Nẵng, đ&oacute;n chuyến bay về TP.HCM.<br />\r\nKết th&uacute;c chương tr&igrave;nh tham quan, chia tay v&agrave; hẹn gặp lại.</p>', '<p>Giờ bay c&oacute; thể thay đổi theo quy định của h&agrave;ng kh&ocirc;ng. Du Lịch Việt sẽ thay đổi chương tr&igrave;nh cho ph&ugrave; hợp với giờ bay mới nhưng sẽ kh&ocirc;ng chịu tr&aacute;ch nhiệm về c&aacute;c khoản chi ph&iacute; ph&aacute;t sinh.</p>\r\n\r\n<p><strong>Gi&aacute; tour bao gồm:</strong></p>\r\n\r\n<ul>\r\n	<li>V&eacute; m&aacute;y bay khứ hồi TP.HCM &ndash; Đ&Agrave; NẴNG &ndash; TP.HCM (Vietjet Air, Jetstar Pacific&hellip;)</li>\r\n	<li>Xe tham quan (xe 16 chỗ, 29 chỗ, 35 chỗ, 45 chỗ) t&ugrave;y theo số lượng kh&aacute;ch thực tế tr&ecirc;n chuyến đi.</li>\r\n	<li>Kh&aacute;ch sạn ti&ecirc;u chuẩn đầy đủ tiện nghi 2 kh&aacute;ch người lớn/ ph&ograve;ng. Nếu lẻ người thứ 3, đ&oacute;ng phụ ph&iacute; ph&ograve;ng đơn hoặc ngủ gh&eacute;p ph&ograve;ng 3 kh&aacute;ch.</li>\r\n</ul>\r\n\r\n<p>+ Kh&aacute;ch sạn 3 sao tại Đ&agrave; Nẵng: H&ugrave;ng Anh,&hellip;hoặc tương đương.</p>\r\n\r\n<ul>\r\n	<li>Ăn uống theo chương tr&igrave;nh:</li>\r\n</ul>\r\n\r\n<p>+ Ăn phụ: 2 bữa buffet s&aacute;ng tại kh&aacute;ch sạn.</p>\r\n\r\n<p>+ Ăn ch&iacute;nh: 4 bữa ch&iacute;nh ti&ecirc;u chuẩn 100.000 đồng/bữa.</p>\r\n\r\n<ul>\r\n	<li>V&eacute; tham quan theo chương tr&igrave;nh.</li>\r\n	<li>Hướng dẫn vi&ecirc;n tiếng Việt vui vẻ nhiệt t&igrave;nh suốt chuyến đi.</li>\r\n	<li>Bảo hiểm với mức bồi thường tối đa 100.000.000 đồng/trường hợp. Kh&ocirc;ng &aacute;p dụng cho kh&aacute;ch từ 80 tuổi trở l&ecirc;n.</li>\r\n	<li>Qu&agrave; tặng: n&oacute;n du lịch Việt, nước, khăn lạnh.</li>\r\n</ul>\r\n\r\n<p><strong>Kh&ocirc;ng bao gồm:</strong></p>\r\n\r\n<ul>\r\n	<li>Bia hay nước ngọt trong c&aacute;c bữa ăn.</li>\r\n	<li>Tham quan ngo&agrave;i chương tr&igrave;nh.</li>\r\n	<li>Chi ph&iacute; c&aacute; nh&acirc;n: điện thoại, giặt ủi&hellip;</li>\r\n	<li>V&eacute; c&aacute;p treo đi B&agrave; N&agrave;, c&ocirc;ng vi&ecirc;n Ch&acirc;u &Aacute;, C&ocirc;ng vi&ecirc;n Suối kho&aacute;ng n&oacute;ng N&uacute;i Thần T&agrave;i, Show K&yacute; ức Hội An &hellip;</li>\r\n	<li>1 bữa ăn trưa ng&agrave;y thứ 2 tham quan B&agrave; N&agrave;.</li>\r\n	<li>Chi ph&iacute; b&atilde;i biển: d&ugrave;, v&otilde;ng, tắm nước ngọt&hellip;</li>\r\n	<li>Thuế VAT.</li>\r\n</ul>', 1, 1, 20, 0, 3199000, 0, 1000000, 1100000, 0, 0, 0, b'0', b'1', 4, '2020-10-01 04:05:02', '2020-10-01 04:05:02'),
(7, 'Du lịch miền Trung - Đà Nẵng - Bà Nà - Hội An - Huế - Hồ Truồi - Bạch Mã từ Sài Gòn 2020', 'du-lich-mien-trung-da-nang-ba-na-hoi-an-hue-ho-truoi-bach-ma-tu-sai-gon-2020', 9, 'uploads/tour/1601550705_jpg', '2020-10-20', '2020-10-23', 3, '<p>NG&Agrave;Y 1 |&nbsp;TP.HCM &ndash; Đ&Agrave; NẴNG (ăn trưa, chiều)</p>\r\n\r\n<p><strong>Sáng:&nbsp;</strong>Qu&yacute; kh&aacute;ch c&oacute; mặt tại ga quốc nội, s&acirc;n bay T&acirc;n Sơn Nhất trước giờ bay &iacute;t nhất ba tiếng.</p>\r\n\r\n<ul>\r\n	<li>Đại diện c&ocirc;ng ty Du Lịch Việt đ&oacute;n v&agrave; hỗ trợ Qu&yacute; Kh&aacute;ch l&agrave;m thủ tục đ&oacute;n chuyến bay đi Đ&agrave; Nẵng.</li>\r\n	<li>Đến s&acirc;n bay, Hướng Dẫn Vi&ecirc;n đ&oacute;n đo&agrave;n Tham quan Ngũ H&agrave;nh Sơn - được v&iacute; như h&ograve;n non bộ khổng lồ giữa l&ograve;ng th&agrave;nh phố Đ&agrave; Nẵng với Động Huyền Kh&ocirc;ng, Ch&ugrave;a Linh Ứng, Ch&ugrave;a Tam Thai, Vọng Hải Đ&agrave;i,&hellip;mua sắm qu&agrave; lưu niệm tại l&agrave;ng nghề đi&ecirc;u khắc đ&aacute; Non Nước.</li>\r\n</ul>\r\n\r\n<p><strong>Trưa:&nbsp;</strong>D&ugrave;ng bữa trưa tại nh&agrave; h&agrave;ng. Đo&agrave;n tham quan Phố Cổ Hội An - di sản văn ho&aacute; thế giới với Ch&ugrave;a Cầu Nhật Bản, Hội Qu&aacute;n Ph&uacute;c Kiến, Nh&agrave; Cổ Ph&ugrave;ng Hưng&hellip;</p>\r\n\r\n<p><strong>Chiều:&nbsp;</strong>D&ugrave;ng cơm chiều. Nghỉ đ&ecirc;m tại Đ&agrave; Nẵng.</p>\r\n\r\n<p>&nbsp; &nbsp; &nbsp; &nbsp;&nbsp;</p>\r\n\r\n<p>NG&Agrave;Y 2 |&nbsp;Đ&Agrave; NẴNG &ndash; SƠN TR&Agrave; - B&Agrave; N&Agrave; (Ăn s&aacute;ng, chiều - Ăn trưa tự t&uacute;c) (Xem th&ecirc;m)</p>\r\n\r\n<p><strong>S&aacute;ng:&nbsp;</strong>D&ugrave;ng buffet s&aacute;ng tại kh&aacute;ch sạn. Tham quan một v&ograve;ng b&aacute;n đảo Sơn Tr&agrave;&hellip;viếng Linh Ứng Tự v&agrave; thưởng ngoạn vẻ đẹp của biển Mỹ Kh&ecirc; (được đ&aacute;nh gi&aacute; l&agrave; một trong những b&atilde;i biển quyến rũ nhất h&agrave;nh tinh). Khởi h&agrave;nh đến với cao nguy&ecirc;n B&agrave; N&agrave; nơi c&oacute; kh&iacute; hậu Ch&acirc;u &Acirc;u độc đ&aacute;o v&agrave; nổi tiếng với tuyến c&aacute;p treo kỷ lục mới của thế giới - Ngắm to&agrave;n cảnh th&agrave;nh phố Đ&agrave; Nẵng từ tr&ecirc;n c&aacute;p treo (chi ph&iacute; c&aacute;p treo tự t&uacute;c).</p>\r\n\r\n<p><strong>Trưa:&nbsp;</strong>Qu&yacute; kh&aacute;ch tự t&uacute;c bữa trưa tại nh&agrave; h&agrave;ng.</p>\r\n\r\n<ul>\r\n	<li>Qu&yacute; kh&aacute;ch tự do tham quan, vui chơi giải tr&iacute; tại B&agrave; N&agrave; với C&ocirc;ng Vi&ecirc;n Fantasy, Rạp chiếu phim 3D Mega 360 độ với c&ocirc;ng nghệ hiện đại nhất v&agrave; duy nhất c&oacute; ở Vi&ecirc;t Nam, Hai rạp chiếu phim 4D v&agrave; 5Di, Xe Trượt Ống, Hầm rượu, Vườn hoa t&igrave;nh y&ecirc;u, Bảo T&agrave;ng S&aacute;p, tự do chụp h&igrave;nh tại Cầu V&agrave;ng điểm tham quan mới si&ecirc;u hot tại B&agrave; N&agrave;.</li>\r\n	<li>Du kh&aacute;ch c&oacute; thể t&igrave;m thấy những biểu tượng mang t&iacute;nh t&acirc;m linh như ch&ugrave;a chiền, đền đ&agrave;i hay tượng c&aacute;c đức Phật. Chắc hẳn sẽ l&agrave; điểm dừng ch&acirc;n cho những ai mong cầu b&igrave;nh an v&agrave; sức khỏe cho gia đ&igrave;nh: Ch&ugrave;a Linh Ứng, Đền Lĩnh Ch&uacute;a Linh Từ, Th&aacute;p Linh Phong Tự, Tượng Th&iacute;ch Ca M&acirc;u Ni, Lầu Chu&ocirc;ng, Nh&agrave; Bia, Miếu B&agrave;, Tr&uacute; Vũ Tr&agrave; Qu&aacute;n, tự do chụp h&igrave;nh tại Cầu V&agrave;ng điểm tham quan mới si&ecirc;u hot tại B&agrave; N&agrave;.</li>\r\n</ul>\r\n\r\n<p><strong>Chiều:&nbsp;</strong>D&ugrave;ng cơm chiều. Nghỉ đ&ecirc;m tại Đ&agrave; Nẵng.</p>\r\n\r\n<p>&nbsp;</p>\r\n\r\n<p>NG&Agrave;Y 3 |&nbsp;Đ&Agrave; NẴNG &ndash; HỒ TRUỒI &ndash; KHẢI ĐỊNH (ăn s&aacute;ng, trưa, chiều) (Xem th&ecirc;m)</p>\r\n\r\n<p><strong>S&aacute;ng:&nbsp;</strong>D&ugrave;ng buffet s&aacute;ng tại kh&aacute;ch sạn.</p>\r\n\r\n<ul>\r\n	<li>Tham quan Hồ Truồi xinh đẹp nằm dưới ch&acirc;n d&atilde;y Bạch M&atilde; h&ugrave;ng vĩ, du kh&aacute;ch được dịp ngắm nh&igrave;n một v&ugrave;ng nước trong xanh được bao bọc bởi c&aacute;c d&atilde;y n&uacute;i xanh ng&aacute;t, phong cảnh sơn thủy hữu t&igrave;nh.</li>\r\n	<li>Qu&yacute; kh&aacute;ch sẽ đi thuyền sang tham quan Thiền viện Tr&uacute;c L&acirc;m - Chinh phục 172 bậc tam cấp, đo&agrave;n v&agrave;o tham quan Ch&aacute;nh Điện, Tổ Đường, Tam Quan, Lầu Chu&ocirc;ng, Th&aacute;p Trống, Phương Trượng, ...</li>\r\n</ul>\r\n\r\n<p><strong>Trưa:</strong>&nbsp;D&ugrave;ng bữa trưa tại nh&agrave; h&agrave;ng. Đo&agrave;n tham quan Lăng Khải Định (Ứng Lăng, lăng mộ của vua Khải Định, vị vua thứ 12 của triều Nguyễn) với lối kiến tr&uacute;c độc đ&aacute;o bởi sự pha trộn kiến tr&uacute;c Đ&ocirc;ng T&acirc;y Kim Cổ lạ thường, với c&aacute;c t&aacute;c phẩm nghệ thuật gh&eacute;p tranh s&agrave;nh sứ độc đ&aacute;o.</p>\r\n\r\n<p><strong>Chiều:</strong>&nbsp;D&ugrave;ng cơm chiều tại nh&agrave; h&agrave;ng. Nghỉ đ&ecirc;m tại Huế. Qu&yacute; kh&aacute;ch c&oacute; thể xu&ocirc;i theo d&ograve;ng s&ocirc;ng Hương nghe Ca Huế, lắng nghe giọng ca ngọt ng&agrave;o mượt m&agrave; của những c&ocirc; g&aacute;i Huế (chi ph&iacute; tự t&uacute;c).</p>\r\n\r\n<p>&nbsp;</p>\r\n\r\n<p>NG&Agrave;Y 4 |&nbsp;HUẾ - ĐẠI NỘI &ndash; TP.HCM (ăn s&aacute;ng, trưa) (Xem th&ecirc;m)</p>\r\n\r\n<p><strong>Sáng:</strong>&nbsp;D&ugrave;ng buffet s&aacute;ng tại kh&aacute;ch sạn.</p>\r\n\r\n<ul>\r\n	<li>Tham quan Đại Nội &ndash; Ho&agrave;ng Th&agrave;nh của 13 vị vua triều Nguyễn, nơi c&oacute; hơn 100 c&ocirc;ng tr&igrave;nh kiến tr&uacute;c đẹp: Ngọ M&ocirc;n, Điện Th&aacute;i H&ograve;a, Tử Cấm Th&agrave;nh, Thế Miếu, Hiển L&acirc;m C&aacute;c, Cửu Đỉnh.&nbsp;&nbsp; &nbsp;</li>\r\n	<li>Tham quan Ch&ugrave;a Thi&ecirc;n Mụ - &nbsp;ng&ocirc;i ch&ugrave;a cổ nhất Cố đ&ocirc; Huế.</li>\r\n</ul>\r\n\r\n<p><strong>Trưa:</strong>&nbsp;D&ugrave;ng cơm trưa tại nh&agrave; h&agrave;ng.&nbsp;</p>\r\n\r\n<ul>\r\n	<li>Gh&eacute; thăm nh&agrave; vườn An Hi&ecirc;n, một trong những nh&agrave; vườn nổi tiếng nhất ở Huế với vị tr&iacute; đắc địa, mặt nh&igrave;n về hướng nam, ph&iacute;a trước c&oacute; s&ocirc;ng Hương chảy ngang, được x&acirc;y dựng theo lối kiến tr&uacute;c truyền thống của Việt Nam v&agrave; của xứ Huế. Mặc d&ugrave; đ&atilde; trải qua hơn một thế kỷ tồn tại, nhưng kh&ocirc;ng gian kiến tr&uacute;c của ng&ocirc;i nh&agrave; vẫn giữ được đặc t&iacute;nh cổ xưa của n&oacute; cho đến nay</li>\r\n	<li>Hướng dẫn vi&ecirc;n tiễn đo&agrave;n ra s&acirc;n bay Huế đ&oacute;n chuyến bay về &nbsp;TP.HCM.</li>\r\n	<li>Kết th&uacute;c chương tr&igrave;nh tham quan, chia tay v&agrave; hẹn gặp lại Qu&yacute; kh&aacute;ch.</li>\r\n</ul>', '<p>Giờ bay c&oacute; thể thay đổi theo quy định của h&agrave;ng kh&ocirc;ng. Du Lịch Việt sẽ thay đổi chương tr&igrave;nh cho ph&ugrave; hợp với giờ bay mới nhưng sẽ kh&ocirc;ng chịu tr&aacute;ch nhiệm về c&aacute;c khoản chi ph&iacute; ph&aacute;t sinh.</p>\r\n\r\n<p><strong>Gi&aacute; tour bao gồm:</strong></p>\r\n\r\n<ul>\r\n	<li>V&eacute; m&aacute;y bay khứ hồi TP.HCM &ndash; Đ&Agrave; NẴNG &ndash; TP.HCM (Vietjet Air, Jetstar Pacific&hellip;)</li>\r\n	<li>Xe tham quan (xe 16 chỗ, 29 chỗ, 35 chỗ, 45 chỗ) t&ugrave;y theo số lượng kh&aacute;ch thực tế tr&ecirc;n chuyến đi.</li>\r\n	<li>Kh&aacute;ch sạn ti&ecirc;u chuẩn đầy đủ tiện nghi 2 kh&aacute;ch người lớn/ ph&ograve;ng. Nếu lẻ người thứ 3, đ&oacute;ng phụ ph&iacute; ph&ograve;ng đơn hoặc ngủ gh&eacute;p ph&ograve;ng 3 kh&aacute;ch.</li>\r\n</ul>\r\n\r\n<p>+ Kh&aacute;ch sạn 3 sao tại Đ&agrave; Nẵng: H&ugrave;ng Anh,&hellip;hoặc tương đương.</p>\r\n\r\n<ul>\r\n	<li>Ăn uống theo chương tr&igrave;nh:</li>\r\n</ul>\r\n\r\n<p>+ Ăn phụ: 2 bữa buffet s&aacute;ng tại kh&aacute;ch sạn.</p>\r\n\r\n<p>+ Ăn ch&iacute;nh: 4 bữa ch&iacute;nh ti&ecirc;u chuẩn 100.000 đồng/bữa.</p>\r\n\r\n<ul>\r\n	<li>V&eacute; tham quan theo chương tr&igrave;nh.</li>\r\n	<li>Hướng dẫn vi&ecirc;n tiếng Việt vui vẻ nhiệt t&igrave;nh suốt chuyến đi.</li>\r\n	<li>Bảo hiểm với mức bồi thường tối đa 100.000.000 đồng/trường hợp. Kh&ocirc;ng &aacute;p dụng cho kh&aacute;ch từ 80 tuổi trở l&ecirc;n.</li>\r\n	<li>Qu&agrave; tặng: n&oacute;n du lịch Việt, nước, khăn lạnh.</li>\r\n</ul>\r\n\r\n<p><strong>Kh&ocirc;ng bao gồm:</strong></p>\r\n\r\n<ul>\r\n	<li>Bia hay nước ngọt trong c&aacute;c bữa ăn.</li>\r\n	<li>Tham quan ngo&agrave;i chương tr&igrave;nh.</li>\r\n	<li>Chi ph&iacute; c&aacute; nh&acirc;n: điện thoại, giặt ủi&hellip;</li>\r\n	<li>V&eacute; c&aacute;p treo đi B&agrave; N&agrave;, c&ocirc;ng vi&ecirc;n Ch&acirc;u &Aacute;, C&ocirc;ng vi&ecirc;n Suối kho&aacute;ng n&oacute;ng N&uacute;i Thần T&agrave;i, Show K&yacute; ức Hội An &hellip;</li>\r\n	<li>1 bữa ăn trưa ng&agrave;y thứ 2 tham quan B&agrave; N&agrave;.</li>\r\n	<li>Chi ph&iacute; b&atilde;i biển: d&ugrave;, v&otilde;ng, tắm nước ngọt&hellip;</li>\r\n	<li>Thuế VAT.</li>\r\n</ul>', 1, 2, 20, 0, 4799000, 0, 1000000, 2000000, 0, 0, 0, b'0', b'1', 4, '2020-10-01 04:11:45', '2020-10-01 04:11:45'),
(8, 'Du lịch Phú Quốc ngắm hoàng hôn tại Sunset Sanato 3N2Đ từ Sài Gòn 2020', 'du-lich-phu-quoc-ngam-hoang-hon-tai-sunset-sanato-3n2d-tu-sai-gon-2020', 4, 'uploads/tour/1602509046_jpg', '2020-10-20', '2020-10-22', 2, '<p>NG&Agrave;Y 1 |&nbsp;TP.HCM &ndash; PH&Uacute; QUỐC (Ăn trưa, chiều)</p>\r\n\r\n<p>S&aacute;ng: &nbsp;Qu&yacute; kh&aacute;ch c&oacute; mặt tại ga quốc nội, s&acirc;n bay T&acirc;n Sơn Nhất trước giờ bay &iacute;t nhất ba tiếng.</p>\r\n\r\n<ul>\r\n	<li>Đại diện c&ocirc;ng ty Du Lịch Việt đ&oacute;n v&agrave; hỗ trợ Qu&yacute; kh&aacute;ch l&agrave;m thủ tục đ&oacute;n chuyến bay đi Ph&uacute; Quốc.&nbsp;</li>\r\n	<li>Đến s&acirc;n bay Ph&uacute; Quốc, Hướng dẫn vi&ecirc;n đ&oacute;n Qu&yacute; kh&aacute;ch Tham quan Cơ sở nu&ocirc;i cấy ngọc trai, t&igrave;m hiểu quy tr&igrave;nh nu&ocirc;i cấy v&agrave; Qu&yacute; kh&aacute;ch c&oacute; thể chọn lựa những sản phẩm l&agrave;m đẹp, trang sức l&agrave;m từ ngọc trai để l&agrave;m qu&agrave; cho người th&acirc;n.</li>\r\n	<li>Viếng thăm Ch&ugrave;a Hộ Quốc (hay Thiền Viện Tr&uacute;c L&acirc;m Hộ Quốc), nằm tr&ecirc;n sườn n&uacute;i hướng ra biển ở ph&iacute;a cuối của một con đường uốn kh&uacute;c qua c&aacute;c triền n&uacute;i của đảo Ph&uacute; Quốc, Thiền Viện Tr&uacute;c L&acirc;m Hộ Quốc c&oacute; thể được xem l&agrave; một trong những ng&ocirc;i ch&ugrave;a c&oacute; địa thế đẹp nhất Việt Nam.</li>\r\n	<li>Đo&agrave;n khởi h&agrave;nh đến B&atilde;i Sao, Qu&yacute; kh&aacute;ch tự do tắm biển tại B&atilde;i Sao, b&atilde;i biển c&aacute;t trắng d&agrave;i v&agrave; đẹp nhất đảo, với l&agrave;n nước trong xanh.</li>\r\n</ul>\r\n\r\n<p>Trưa:D&ugrave;ng cơm trưa.</p>\r\n\r\n<ul>\r\n	<li>Đo&agrave;n tham quan Sunset Sanato Beach Club, nơi được mệnh danh l&agrave; &ldquo;Điểm ngắm ho&agrave;ng h&ocirc;n đẹp nhất đảo Ngọc&rdquo;. tọa lạc ngay trung t&acirc;m B&atilde;i Trường. Kh&ocirc;ng gian biển ở Sunset Sanato Beach Club rất tho&aacute;ng tầm nh&igrave;n v&agrave; được điểm t&ocirc; bằng nhiều c&ocirc;ng tr&igrave;nh kiến tr&uacute;c cực độc đ&aacute;o, mang dấu ấn kh&oacute; phai. V&agrave; c&oacute; lẽ ch&iacute;nh những khối kiến tr&uacute;c k&igrave; lạ v&agrave; đầy s&aacute;ng tạo ấy đ&atilde; gi&uacute;p cho Sunset Sanato Beach Club trở th&agrave;nh điểm check-in si&ecirc;u độc m&agrave; ai đến Ph&uacute; Quốc cũng phải &quot;đỏm d&aacute;ng&quot; l&agrave;m ngay v&agrave;i kiểu.</li>\r\n</ul>\r\n\r\n<p>&nbsp;</p>\r\n\r\n<p>&nbsp;</p>\r\n\r\n<p>Tối: D&ugrave;ng cơm tối. Nghỉ đ&ecirc;m tại Ph&uacute; Quốc.</p>\r\n\r\n<p>&nbsp;</p>\r\n\r\n<p>NG&Agrave;Y 2 |&nbsp;PH&Uacute; QUỐC &ndash; VINPEARLAND &ndash; SAFARI (Ăn s&aacute;ng) - (Ăn trưa, tối tự t&uacute;c) (Xem th&ecirc;m )</p>\r\n\r\n<p>S&aacute;ng: &nbsp;D&ugrave;ng bữa s&aacute;ng.<br />\r\nQu&yacute; kh&aacute;ch c&oacute; thể tự do tắm biển, nghỉ ngơi tại kh&aacute;ch sạn hoặc Qu&yacute; kh&aacute;ch c&oacute; thể chọn c&aacute;c điểm tham quan tham khảo như sau:&nbsp;<br />\r\n<strong>Lựa chọn 1: Kh&aacute;m ph&aacute; KHU VUI CHƠI GIẢI TR&Iacute; VINPEARLAND&nbsp;</strong></p>\r\n\r\n<p><strong>Lựa chọn 2: Kh&aacute;m ph&aacute; C&Ocirc;NG VI&Ecirc;N CHĂM S&Oacute;C &amp; BẢO TỒN ĐỘNG VẬT VINPEARL SAFARI</strong></p>\r\n\r\n<ul>\r\n	<li>(Chi ph&iacute; tự t&uacute;c; kh&ocirc;ng bao gồm: phương tiện vận chuyển, v&eacute; tham quan Safari &nbsp;+ 1 bữa ăn trưa + bữa ăn tối)</li>\r\n	<li>C&ocirc;ng vi&ecirc;n chăm s&oacute;c v&agrave; bảo tồn động vật Vinpearl Safari &ndash; vườn th&uacute; mở lớn nhất Việt Nam hiện nay, sẽ ch&iacute;nh thức mở cửa đ&oacute;n kh&aacute;ch tham quan v&agrave;o ng&agrave;y 24/12/2015 tại đảo ngọc Ph&uacute; Quốc.&nbsp;</li>\r\n	<li>C&ocirc;ng vi&ecirc;n động vật b&aacute;n hoang d&atilde;:</li>\r\n	<li>Đ&acirc;y l&agrave; nơi đầu ti&ecirc;n v&agrave; duy nhất tại Việt Nam hiện nay bảo tồn c&aacute;c lo&agrave;i động vật trong m&ocirc;i trường mở ho&agrave;n to&agrave;n tự nhi&ecirc;n theo m&ocirc; h&igrave;nh &ldquo;safari&rdquo;. Kh&ocirc;ng c&oacute; hệ thống chuồng trại ngăn c&aacute;ch, hơn 40 lo&agrave;i động vật qu&yacute; hiếm được sinh trưởng v&agrave; ph&aacute;t triển tự do giữa thi&ecirc;n nhi&ecirc;n hoang d&atilde;. Du kh&aacute;ch sẽ được di chuyển qua c&aacute;c khu Bảo tồn hổ Ấn Độ, Bảo tồn t&ecirc; gi&aacute;c Ch&acirc;u Phi, Bảo tồn hươu cao cổ Kenya, Lưu vực s&ocirc;ng Congo &hellip; của c&ocirc;ng vi&ecirc;n động vật b&aacute;n hoang d&atilde; bằng xe bus chuy&ecirc;n dụng, mang đến những trải nghiệm sinh động v&agrave; ch&acirc;n thực nhất về đời sống tự nhi&ecirc;n của mu&ocirc;n lo&agrave;i.</li>\r\n	<li>Khu vườn th&uacute; mở:</li>\r\n	<li>Nơi bảo tồn hơn 100 lo&agrave;i động vật qu&yacute; hiếm từ khắp nơi tr&ecirc;n thế giới. Tại đ&acirc;y, c&aacute;c lo&agrave;i được chăm s&oacute;c v&agrave; ph&aacute;t triển khỏe mạnh trong kh&ocirc;ng gian chuồng trại rộng lớn, tho&aacute;ng đ&atilde;ng v&agrave; h&agrave;i h&ograve;a với m&ocirc;i trường tự nhi&ecirc;n. Trải nghiệm Rừng linh trưởng, Vương quốc sư tử, Khu động vật c&oacute; v&uacute;, Khu rừng của voi, Thế giới b&ograve; s&aacute;t, Đầm lầy h&agrave; m&atilde;, &hellip; c&ugrave;ng những khu vực chủ đề kh&aacute;c trong vườn th&uacute; mở, du kh&aacute;ch sẽ t&igrave;m thấy nhiều kiến thức thực tế th&uacute; vị, bổ &iacute;ch về tập t&iacute;nh v&agrave; m&ocirc;i trường sống &hellip; của nhiều lo&agrave;i động vật hoang d&atilde;.</li>\r\n	<li>C&aacute;c hoạt động trải nghiệm đời sống hoang d&atilde;:</li>\r\n	<li>Tham quan c&ocirc;ng vi&ecirc;n bằng xe bus chuy&ecirc;n dụng: xe bus chuy&ecirc;n dụng c&oacute; hệ thống bảo vệ an to&agrave;n đặc biệt, hoạt động miễn ph&iacute;, lien tục trong suốt thời gian c&ocirc;ng vi&ecirc;n mở cửa, phục vụ kh&aacute;ch tham quan C&ocirc;ng vi&ecirc;n động vật b&aacute;n hoang d&atilde; một c&aacute;ch thuận tiện nhất</li>\r\n	<li>Xem chương tr&igrave;nh biểu diễn động vật:</li>\r\n	<li>Những khả năng đặc sắc, thi&ecirc;n ph&uacute; của c&aacute;c lo&agrave;i chim, th&uacute;, b&ograve; s&aacute;t (vượn c&aacute;o, rắn, vẹt, diều h&acirc;u,&hellip;) sẽ được thể hiện ngoạn mục trong chương tr&igrave;nh Biểu diễn động vật mang đến cho kh&aacute;ch tham quan những trải nghiệm th&uacute; vị. Đ&aacute;ng ch&uacute; &yacute;, chương tr&igrave;nh n&agrave;y c&ograve;n gi&uacute;p du kh&aacute;ch hiểu th&ecirc;m về tập t&iacute;nh của c&aacute;c lo&agrave;i v&agrave; cơ hội th&uacute; vị để tiếp x&uacute;c trực tiếp với những người bạn động vật đ&aacute;ng y&ecirc;u tại Vinpearl Safari.</li>\r\n	<li>Chụp ảnh với động vật: c&ugrave;ng lưu giữ những khoảnh khắc kh&oacute; qu&ecirc;n với c&aacute;c lo&agrave;i động vật đầy m&agrave;u sắc, th&acirc;n thiện như trăn ho&agrave;ng gia, vẹt Macau, c&aacute;c lo&agrave;i vẹt xanh, chồn đất, c&uacute; đại bang, c&aacute; sấu con, cự đ&agrave;, cao c&aacute;t, r&ugrave;a.&nbsp;</li>\r\n	<li>Cho động vật ăn: du kh&aacute;ch sẽ được tận tay chăm s&oacute;c c&aacute;c lo&agrave;i động vật hiền l&agrave;nh v&agrave; th&acirc;n thiện. Những ch&uacute; hươu cao cổ, lạc đ&agrave;, voi, vượn, c&aacute;o trắng đen v&agrave; c&aacute;c lo&agrave;i chim đang sẵn s&agrave;ng ch&agrave;o đ&oacute;n những người chăm s&oacute;c đặc biệt tại Vinpearl Safari.</li>\r\n	<li>Ngo&agrave;i ra, c&ograve;n hệ thống nh&agrave; h&agrave;ng với phong c&aacute;ch ẩm thực đa dạng v&agrave; phố mua sắm với những m&oacute;n qu&agrave; lưu niệm đặc sắc.</li>\r\n</ul>\r\n\r\n<p><strong>Lựa chọn 3: Thư gi&atilde;n với dịch vụ tại GALINA PH&Uacute; QUỐC MUD BATH &amp; SPA&nbsp;</strong>với những c&ocirc;ng dụng tuyệt vời đối với sức khỏe v&agrave; sắc đẹp.&nbsp;</p>\r\n\r\n<ul>\r\n	<li>(Chi ph&iacute; tự t&uacute;c; kh&ocirc;ng bao gồm: phương tiện vận chuyển, v&eacute; tắm b&ugrave;n + 1 bữa ăn trưa + bữa ăn tối)</li>\r\n	<li>Galina Ph&uacute; Quốc l&agrave; khu nghỉ dưỡng tắm b&ugrave;n kho&aacute;ng v&agrave; spa đầu ti&ecirc;n c&oacute; mặt tại &ldquo;Đảo Ngọc&rdquo;, tọa lạc ngay tr&ecirc;n bờ biển xanh c&aacute;t trắng thanh b&igrave;nh của thị x&atilde; Dương Tơ. Qu&yacute; kh&aacute;ch c&oacute; thể tận hưởng c&aacute;c dịch vụ: tắm bùn khoáng nóng, x&ocirc;ng hơi, massage toàn th&acirc;n, chăm sóc ch&acirc;n, chăm soóc da mặt, t&acirc;̉y t&ecirc;́ bào ch&ecirc;́t và đắp toàn th&acirc;n, &hellip; hứa hẹn mang đến những trải nghiệm thăng hoa ấn tượng, gi&uacute;p kỳ nghỉ của qu&yacute; kh&aacute;ch trở n&ecirc;n th&uacute; vị hơn với những ph&uacute;t gi&acirc;y đ&aacute;ng nhớ.</li>\r\n	<li>Nghỉ đ&ecirc;m tại Ph&uacute; Quốc.</li>\r\n</ul>\r\n\r\n<p>&nbsp;</p>\r\n\r\n<p>NG&Agrave;Y 3 |&nbsp;PH&Uacute; QUỐC &ndash; TP.HCM (Ăn s&aacute;ng,ăn trưa) (Xem th&ecirc;m)</p>\r\n\r\n<p>S&aacute;ng: &nbsp;D&ugrave;ng bữa s&aacute;ng. &nbsp;</p>\r\n\r\n<ul>\r\n	<li>Tham quan thắng cảnh Dinh Cậu (Ng&ocirc;i Miếu Long Vương) v&iacute; như biểu tượng của Ph&uacute; Quốc nơi biển, c&aacute;t, nắng v&agrave; đ&aacute; ho&agrave; trộn với nhau th&agrave;nh một khung cảnh hữu t&igrave;nh. Nơi đ&acirc;y kh&ocirc;ng chỉ l&agrave; một cảnh vật đẹp, c&oacute; h&igrave;nh th&ugrave; kỳ th&uacute; m&agrave; c&ograve;n l&agrave; nơi đất th&aacute;nh linh thi&ecirc;ng, cổ k&iacute;nh.</li>\r\n	<li>Khởi h&agrave;nh thăm những thắng cảnh v&agrave; sản vật đặc sắc tại Ph&uacute; Quốc như: vườn ti&ecirc;u, cơ sở sản xuất rượu vang sim, nh&agrave; th&ugrave;ng sản xuất nước mắm c&aacute; cơm.&nbsp;&nbsp; &nbsp;</li>\r\n</ul>\r\n\r\n<p>Ăn trưa tại nh&agrave; h&agrave;ng</p>\r\n\r\n<ul>\r\n	<li>Tham quan l&agrave;ng ch&agrave;i H&agrave;m Ninh, qu&yacute; kh&aacute;ch c&oacute; thể thưởng thức đặc sản H&agrave;m Ninh hoặc mua về l&agrave;m qu&agrave; cho người th&acirc;n: ghẹ, hải m&atilde; sống ng&acirc;m rượu, hải m&atilde; chi&ecirc;n gi&ograve;n, quả dứa biển v&agrave; tr&aacute;i mỏ quạ để ng&acirc;m rượu thuốc&hellip;. đ&acirc;y l&agrave; những đặc sản chỉ c&oacute; ở Ph&uacute; Quốc (chi ph&iacute; tự t&uacute;c).</li>\r\n	<li>Hướng dẫn vi&ecirc;n tiễn đo&agrave;n ra s&acirc;n bay Ph&uacute; Quốc, đ&oacute;n chuyến bay về TP.HCM.</li>\r\n	<li>Kết th&uacute;c chương tr&igrave;nh tham quan, chia tay v&agrave; hẹn gặp lại.</li>\r\n</ul>', '<p><strong>Gi&aacute; vé dành cho trẻ em:</strong></p>\r\n\r\n<ul>\r\n	<li>Trẻ em dưới 02 tuổi: miễn gi&aacute; tour, gi&aacute; v&eacute; m&aacute;y bay theo quy định của h&atilde;ng h&agrave;ng kh&ocirc;ng, Cha, Mẹ hoặc người th&acirc;n đi k&egrave;m tự lo c&aacute;c chi ph&iacute; ăn, ngủ, tham quan (nếu c&oacute;) cho b&eacute;.</li>\r\n	<li>Trẻ em từ 02 &ndash; dưới 05 tuổi: 100% gi&aacute; v&eacute; m&aacute;y bay; miễn gi&aacute; tour. Cha, Mẹ hoặc người th&acirc;n đi k&egrave;m tự lo c&aacute;c chi ph&iacute; ăn, ngủ, tham quan (nếu c&oacute;) cho b&eacute;. Hai người lớn chỉ k&egrave;m 1 trẻ em dưới 5 tuổi, trẻ em thứ 2 trở l&ecirc;n phải mua &frac12; v&eacute; tour.</li>\r\n	<li>Trẻ em từ 05 &ndash; dưới 11 tuổi: 100% gi&aacute; v&eacute; m&aacute;y bay; 50% gi&aacute; tour. Bao gồm c&aacute;c dịch vụ ăn uống, ghế ngồi tr&ecirc;n xe v&agrave; ngủ chung với gia đ&igrave;nh. Hai người lớn chỉ được k&egrave;m 1 trẻ em từ 5 đến dưới 11 tuổi, trẻ em thứ 2 trở l&ecirc;n Cha, Mẹ n&ecirc;n mua th&ecirc;m 1 suất giường đơn.</li>\r\n	<li>Từ 11 tuổi trở l&ecirc;n: 100% gi&aacute; tour v&agrave; ti&ecirc;u chuẩn như người lớn.</li>\r\n</ul>\r\n\r\n<p><strong>Quy định thanh to&aacute;n, hủy v&eacute;:</strong></p>\r\n\r\n<ul>\r\n	<li>Sau khi x&aacute;c nhận v&agrave; thanh to&aacute;n (&iacute;t nhất 50% tiền cọc giữ chỗ v&agrave; thanh to&aacute;n đủ 100% tổng gi&aacute; trị tiền tour trước 10 ng&agrave;y khởi h&agrave;nh).</li>\r\n	<li>&nbsp;Khi đến ng&agrave;y thanh to&aacute;n đủ 100% tổng gi&aacute; trị tiền tour, nếu Qu&yacute; kh&aacute;ch kh&ocirc;ng thanh to&aacute;n đ&uacute;ng hạn v&agrave; đ&uacute;ng số tiền được xem như Qu&yacute; kh&aacute;ch tự &yacute; huỷ tour v&agrave; mất hết số tiền đ&atilde; đặt cọc giữ chỗ.</li>\r\n	<li>V&eacute; M&aacute;y Bay/ v&eacute; xe lửa/ v&eacute; t&agrave;u cao tốc được xuất ngay sau khi qu&yacute; kh&aacute;ch đ&oacute;ng tiền v&agrave; c&oacute; x&aacute;c nhận sự ch&iacute;nh x&aacute;c về họ, t&ecirc;n (đ&uacute;ng từng k&yacute; tự ghi trong hộ chiếu hoặc CMND), ng&agrave;y-th&aacute;ng-năm sinh &hellip; của h&agrave;nh kh&aacute;ch theo y&ecirc;u cầu của h&atilde;ng vận chuyển. Mọi sự thay đổi li&ecirc;n quan đến v&eacute; đ&atilde; xuất: ng&agrave;y giờ đi, t&ecirc;n h&agrave;nh kh&aacute;ch, hủy v&eacute;, qu&yacute; kh&aacute;ch vui l&ograve;ng chịu chi ph&iacute; theo qui định sau:</li>\r\n</ul>\r\n\r\n<p><strong>*&nbsp;&nbsp;&nbsp; Ngay sau khi Qu&yacute; kh&aacute;ch đăng k&yacute; tour nếu hủy sẽ bị phạt tiền tour v&agrave; v&eacute; m&aacute;y bay:&nbsp;</strong></p>\r\n\r\n<ul>\r\n	<li>Ngay sau khi đặt cọc hoặc thanh to&aacute;n hoặc trước 15 ng&agrave;y: ph&iacute; hủy 10% tiền tour+ 100% V&eacute; m&aacute;y bay.</li>\r\n	<li>Hủy 10 ng&agrave;y trước ng&agrave;y khởi h&agrave;nh: ph&iacute; hủy 50% tiền tour + 100% v&eacute; m&aacute;y bay.</li>\r\n	<li>Hủy 07 ng&agrave;y trước ng&agrave;y khởi h&agrave;nh: ph&iacute; hủy 70% tiền tour&nbsp; + 100% v&eacute; m&aacute;y bay.</li>\r\n	<li>Hủy&nbsp; 05 ng&agrave;y trước ng&agrave;y khởi h&agrave;nh: ph&iacute; hủy 100% tiền tour&nbsp; + 100% v&eacute; m&aacute;y bay.</li>\r\n	<li>Trường hợp qu&yacute; kh&aacute;ch đến trễ giờ khởi h&agrave;nh được t&iacute;nh l&agrave; hủy 5 ng&agrave;y trước ng&agrave;y khởi h&agrave;nh.</li>\r\n	<li>Do t&iacute;nh chất l&agrave; đo&agrave;n gh&eacute;p kh&aacute;ch lẻ, Du Lịch Việt sẽ c&oacute; tr&aacute;ch nhiệm nhận kh&aacute;ch đăng k&yacute; cho đủ đo&agrave;n (10 kh&aacute;ch người lớn trở l&ecirc;n) th&igrave; đo&agrave;n sẽ khởi h&agrave;nh đ&uacute;ng lịch tr&igrave;nh. Nếu số lượng đo&agrave;n dưới 10 kh&aacute;ch, c&ocirc;ng ty c&oacute; tr&aacute;ch nhiệm th&ocirc;ng b&aacute;o cho kh&aacute;ch trước ng&agrave;y khởi h&agrave;nh 3 ng&agrave;y v&agrave; sẽ thỏa thuận lại ng&agrave;y khởi h&agrave;nh mới hoặc ho&agrave;n trả to&agrave;n bộ số tiền đ&atilde; đặt cọc tour.</li>\r\n	<li>Việc huỷ bỏ chuyến đi phải được th&ocirc;ng b&aacute;o trực tiếp với C&ocirc;ng ty hoặc qua fax, email, tin nhắn v&agrave; phải được C&ocirc;ng ty x&aacute;c nhận. Việc huỷ bỏ bằng điện thoại kh&ocirc;ng được chấp nhận.</li>\r\n	<li>C&aacute;c ng&agrave;y đặt cọc, thanh to&aacute;n, huỷ v&agrave; dời tour: kh&ocirc;ng t&iacute;nh thứ 7, Chủ Nhật.</li>\r\n	<li>Trong những trường hợp bất khả kh&aacute;ng như: khủng bố, bạo động, thi&ecirc;n tai, lũ lụt&hellip; Tuỳ theo t&igrave;nh h&igrave;nh thực tế v&agrave; sự thuận tiện, an to&agrave;n của kh&aacute;ch h&agrave;ng, c&ocirc;ng ty Du Lịch sẽ chủ động th&ocirc;ng b&aacute;o cho kh&aacute;ch h&agrave;ng sự thay đổi như sau: huỷ hoặc thay thế bằng một chương tr&igrave;nh mới với chi ph&iacute; tương đương chương tr&igrave;nh tham quan trước đ&oacute;. Trong trường hợp chương tr&igrave;nh mới c&oacute; ph&aacute;t sinh th&igrave; Kh&aacute;ch h&agrave;ng sẽ thanh to&aacute;n khoản ph&aacute;t sinh n&agrave;y. Tuy nhi&ecirc;n, mỗi b&ecirc;n c&oacute; tr&aacute;ch nhiệm cố gắng tối đa, gi&uacute;p đỡ b&ecirc;n bị thiệt hại nhằm giảm thiểu c&aacute;c tổn thất g&acirc;y ra v&igrave; l&yacute; do bất khả kh&aacute;ng.&hellip;</li>\r\n	<li>Đối với sự thay đổi lịch tr&igrave;nh, giờ bay do lỗi của h&atilde;ng h&agrave;ng kh&ocirc;ng, t&agrave;u hoả, t&agrave;u thuỷ, Du Lịch Việt sẽ kh&ocirc;ng chịu tr&aacute;ch nhiệm bất kỳ ph&aacute;t sinh n&agrave;o do lỗi tr&ecirc;n như: ph&aacute;t sinh bữa ăn, nh&agrave; h&agrave;ng, kh&aacute;ch sạn, phương tiện di chuyển, hướng dẫn vi&ecirc;n, &hellip;.</li>\r\n</ul>', 1, 1, 20, 1, 3199000, 0, 0, 0, 0, 0, 0, b'0', b'1', 4, '2020-10-12 06:24:06', '2020-10-12 06:24:41');
INSERT INTO `tours` (`id`, `name`, `slug`, `category_id`, `image`, `start_date`, `end_date`, `days`, `schedule`, `note`, `transport_id`, `starting_position_id`, `total_num`, `member_num`, `price`, `price_1_2`, `price_2_5`, `price_5_11`, `visa_price`, `discount`, `position`, `is_hot`, `is_active`, `user_id`, `created_at`, `updated_at`) VALUES
(9, 'Du lịch Brunei - Nhật Bản mùa hè 6 ngày 5 đêm từ Sài Gòn 2020', 'du-lich-brunei-nhat-ban-mua-he-6-ngay-5-dem-tu-sai-gon-2020', 3, 'uploads/tour/1602581263_jpg', '2020-11-04', '2020-11-09', 5, '<p>NG&Agrave;Y 1 |&nbsp;TP.HCM &ndash; BRUNEI - TOKYO (Ăn tối)</p>\r\n\r\n<p>Q&uacute;y kh&aacute;ch tập trung tại ga đi quốc tế tại s&acirc;n bay T&acirc;n Sơn Nhất, hướng dẫn vi&ecirc;n c&ocirc;ng ty Du Lịch Việt sẽ đ&oacute;n đo&agrave;n v&agrave; l&agrave;m thủ tục đ&aacute;p chuyến bay&nbsp;<strong>BI382 (14:15 &ndash; 17:10)</strong>&nbsp;đi Brunei. Đến s&acirc;n bay Brunei, xe v&agrave; hướng dẫn vi&ecirc;n đ&oacute;n đo&agrave;n đi tham quan đất nước được xếp v&agrave;o một trong những nước c&oacute; mức ph&uacute;c lợi sống cao nhất tr&ecirc;n thế giới.</p>\r\n\r\n<ul>\r\n	<li>Gh&eacute; tham quan chụp h&igrave;nh b&ecirc;n ngo&agrave;i&nbsp;<strong>Th&aacute;nh đường Omar Ali Saifuddin</strong>&nbsp;l&agrave; một trong những nh&agrave; thờ Hồi gi&aacute;o đẹp nhất ở khu vực ch&acirc;u &Aacute; Th&aacute;i B&igrave;nh Dương.</li>\r\n	<li><strong>Chụp</strong>&nbsp;h&igrave;nh b&ecirc;n ngo&agrave;i L&agrave;ng nổi</li>\r\n	<li>Chụp h&igrave;nh b&ecirc;n ngo&agrave;i Th&aacute;nh đường Hồi gi&aacute;o Jame Asr &ndash; được x&acirc;y dựng năm 1992 nh&acirc;n dịp kỷ niệm 25 năm trị v&igrave; của Quốc Vương hiện tại l&agrave; Jame Asr&rsquo;s Hassanal Bolkiah. Đ&acirc;y l&agrave; ng&ocirc;i th&aacute;nh đường Hồi gi&aacute;o lớn nhất v&agrave; đồ sộ nhất khu vực Đ&ocirc;ng Nam &Aacute;.</li>\r\n	<li><strong>Tham quan chợ đ&ecirc;m Gadong</strong>.</li>\r\n</ul>\r\n\r\n<p>Ăn tối. Sau đ&oacute;, đo&agrave;n ra s&acirc;n bay đ&aacute;p chuyến bay BI 695 (00:35 &ndash; 07:30) đi Tokyo. Nghỉ đ&ecirc;m v&agrave; ăn s&aacute;ng tr&ecirc;n m&aacute;y bay.</p>\r\n\r\n<p>&nbsp;</p>\r\n\r\n<p>NG&Agrave;Y 2 |&nbsp;TOKYO (Ăn trưa,tối)</p>\r\n\r\n<p>Đến s&acirc;n bay quốc tế Narita, l&agrave;m thủ tục nhập cảnh v&agrave; nhận h&agrave;nh l&yacute;. Xe v&agrave; hướng dẫn vi&ecirc;n địa phương đ&oacute;n đo&agrave;n khởi h&agrave;nh tham quan:</p>\r\n\r\n<ul>\r\n	<li><strong>Chụp ảnh b&ecirc;n ngo&agrave;i Ngoại th&agrave;nh Ho&agrave;ng Cung</strong>&nbsp;&ndash; nơi sinh sống của Ho&agrave;ng gia Nhật với khu&ocirc;n vi&ecirc;n vườn c&acirc;y cổ thụ.</li>\r\n	<li><strong>Ch&ugrave;a Asakusa Kannon</strong>&nbsp;- ng&ocirc;i ch&ugrave;a linh thi&ecirc;ng bậc nhất Tokyo, nơi diễn ra c&aacute;c lễ hội lớn của quốc gia c&ugrave;ng với truyền thuyết ra đời ng&ocirc;i đền b&iacute; ẩn.</li>\r\n	<li><strong>Th&aacute;p truyền h&igrave;nh Tokyo Sky Tree</strong>&nbsp;&ndash; Từ ch&ugrave;a ngắm nh&igrave;n v&agrave; chụp h&igrave;nh được to&agrave;n cảnh của th&aacute;p.</li>\r\n	<li><strong>Tự do mua sắm tại khu phố Akihabara.</strong></li>\r\n</ul>\r\n\r\n<p>Ăn tối. Nhận ph&ograve;ng kh&aacute;ch sạn. Nghỉ đ&ecirc;m tại khu vực Tokyo.</p>\r\n\r\n<p>&nbsp;</p>\r\n\r\n<p>NG&Agrave;Y 3 |&nbsp;TOKYO - M.t FUJI (Ăn ba bữa)</p>\r\n\r\n<p>Ăn s&aacute;ng. L&agrave;m thủ tục trả ph&ograve;ng. Đo&agrave;n khởi h&agrave;nh tham quan:</p>\r\n\r\n<ul>\r\n	<li><strong>N&uacute;i Ph&uacute; Sĩ</strong>&nbsp; - Một trong những biểu tượng nổi tiếng nhất Nhật Bản, Ph&uacute; Sĩ l&agrave; ngọn n&uacute;i cao nhất v&agrave; l&agrave; một trong &ldquo;Ba n&uacute;i Th&aacute;nh&rdquo; của quốc gia. Ngọn n&uacute;i lửa vẫn hoạt động cao 3.776m nổi tiếng với d&aacute;ng h&igrave;nh ch&oacute;p gần như ho&agrave;n hảo v&agrave; l&agrave; một ngọn n&uacute;i thi&ecirc;ng trong Thần Đạo Nhật Bản. Trong văn h&oacute;a Nhật, nhiều người tinh rằng n&uacute;i l&agrave; một vị &aacute; thần c&oacute; linh hồn. Xe sẽ đưa qu&yacute; kh&aacute;ch l&ecirc;n n&uacute;i đến trạm thứ 5 (Cao 2.300m) nếu thời tiết cho ph&eacute;p, trong trường hợp thời tiết xấu sẽ tham quan v&agrave; chụp h&igrave;nh dưới ch&acirc;n n&uacute;i hoặc trung t&acirc;m th&ocirc;ng tin n&uacute;i Ph&uacute; Sĩ.</li>\r\n	<li>Q&uacute;y kh&aacute;ch l&ecirc;n t&agrave;u thưởng ngoạn v&agrave; chụp h&igrave;nh xung quanh&nbsp;<strong>Hồ Ashi</strong>&nbsp;- c&ograve;n gọi l&agrave; hồ&nbsp;Ashinoko, hồ&nbsp;Hakone, l&agrave; một hồ nước tuyệt đẹp nằm tr&ecirc;n miệng n&uacute;i lửa ở Hakone (Nhật Bản), được h&igrave;nh th&agrave;nh v&agrave;o khoảng 3.000 năm trước, sau trận phun tr&agrave;o dữ dội của n&uacute;i lửa Hakone.</li>\r\n	<li><strong>L&agrave;ng cổ Oshino Hakkai</strong>&nbsp;&ndash; nằm ẩn m&igrave;nh dưới ch&acirc;n n&uacute;i Ph&uacute; Sĩ, nơi n&agrave;y được quy hoạch th&agrave;nh một điểm tham quan, nhưng tất cả những g&igrave; truyền thống vẫn c&ograve;n nguy&ecirc;n vẹn. Những ng&ocirc;i nh&agrave; trong l&agrave;ng vẫn c&oacute; người ở, ng&ocirc;i nh&agrave; phủ đầy r&ecirc;u, bốn bức tường treo những n&ocirc;ng sản kh&ocirc; dự trữ.</li>\r\n</ul>\r\n\r\n<p>Ăn tối. Tại đ&acirc;y, Q&uacute;y kh&aacute;ch được&nbsp;<strong>trải nghiệm mặc đồ Kimono m&ugrave;a h&egrave; (Yukata) v&agrave; tắm suối kho&aacute;ng n&oacute;ng Onsen</strong>&nbsp;nổi tiếng theo kiểu Nhật. &nbsp;Nghỉ đ&ecirc;m tại khu vực n&uacute;i Ph&uacute; Sỹ.</p>\r\n\r\n<p>&nbsp;</p>\r\n\r\n<p>NG&Agrave;Y 4 |&nbsp;TOKYO - ODAIBA (Ăn ba bữa)</p>\r\n\r\n<p>Ăn s&aacute;ng. L&agrave;m thủ tục trả ph&ograve;ng. Đo&agrave;n khởi h&agrave;nh tham quan:</p>\r\n\r\n<ul>\r\n	<li><strong>Khu vườn tr&aacute;i c&acirc;y sạch &ndash; t</strong>ại đ&acirc;y, Q&uacute;y kh&aacute;ch c&oacute; thể tự tay h&aacute;i v&agrave; thưởng thức những tr&aacute;i c&acirc;y tươi ngon như d&acirc;u, nho, tao, đ&agrave;o, cherry&hellip;&nbsp;<em>( T&ugrave;y v&agrave;o t&igrave;nh h&igrave;nh thực tế thời tiết v&agrave; theo m&ugrave;a)</em></li>\r\n	<li>Đo&agrave;n khởi h&agrave;nh đi&nbsp;<strong>Odaiba</strong>&nbsp;tham quan v&agrave; chụp h&igrave;nh tại to&agrave;n cảnh vịnh Odaiba như c&ocirc;ng vi&ecirc;n ven biển Odaba, cầu Rainbow nối giữa vịnh Odaiba v&agrave; Tokyo,&nbsp; tượng Nữ Thần Tự Do &ndash; m&ocirc;̣t bản sao bi&ecirc;̉u tượng của New York được chính quy&ecirc;̀n Pháp mang đ&ecirc;́n trong dịp kỉ ni&ecirc;̣m năm Pháp ở Nhật, trung t&acirc;m triển l&atilde;m Tokyo Big Sight, AquaCity Odaiba, Đặc biệt, Q&uacute;y kh&aacute;ch c&oacute; thể chụp h&igrave;nh với Robot khổng lồ Gumdam &hellip;</li>\r\n	<li><strong>Tự do shopping tại si&ecirc;u thị Aeon Mall</strong>.</li>\r\n	<li>Ăn tối. Nhận ph&ograve;ng kh&aacute;ch sạn. Nghỉ đ&ecirc;m tại khu vực Narita.</li>\r\n</ul>\r\n\r\n<p>&nbsp;</p>\r\n\r\n<p>NG&Agrave;Y 5 |&nbsp;TOKYO - BRUNEI (Ăn s&aacute;ng, ăn trưa tr&ecirc;n m&aacute;y bay, ăn tối)</p>\r\n\r\n<p>Ăn s&aacute;ng tại kh&aacute;ch sạn, qu&yacute; kh&aacute;ch tự do shopping. L&agrave;m thủ tục trả ph&ograve;ng, đo&agrave;n di chuyển ra s&acirc;n bay quốc tế Narita, đ&aacute;p chuyến bay&nbsp;<strong>BI696 (11:45 &ndash; 17:10)</strong>&nbsp;đi Brunei. Đến Brunei, xe v&agrave; hướng dẫn vi&ecirc;n địa phương đ&oacute;n đo&agrave;n đi ăn tối. Sau đ&oacute;, đo&agrave;n về kh&aacute;ch sạn nhận ph&ograve;ng. Nghỉ đ&ecirc;m tại Brunei.</p>\r\n\r\n<p>&nbsp;</p>\r\n\r\n<p>NG&Agrave;Y 6 |&nbsp;BRUNEI - TP.HỒ CH&Iacute; MINH (Ăn s&aacute;ng, ăn trưa tr&ecirc;n m&aacute;y bay)</p>\r\n\r\n<p>Ăn s&aacute;ng tại kh&aacute;ch sạn. L&agrave;m thủ tục trả ph&ograve;ng. Qu&yacute; kh&aacute;ch nghỉ ngơi tự do.<br />\r\nSau đ&oacute;, đo&agrave;n di chuyển ra s&acirc;n bay, đ&aacute;p chuyến bay&nbsp;<strong>BI381 (12:30 -13:25)</strong>&nbsp;về Tp.Hồ Ch&iacute; Minh. Kết th&uacute;c chương tr&igrave;nh tham quan, chia tay v&agrave; hẹn gặp lại Qu&yacute; kh&aacute;ch trong những chương tr&igrave;nh tiếp theo của Du Lịch Việt.</p>', '<p>GI&Aacute; V&Eacute; TRẺ EM&nbsp;</p>\r\n\r\n<p>Theo quy định của h&atilde;ng h&agrave;ng kh&ocirc;ng v&agrave; dịch vụ:</p>\r\n\r\n<ul>\r\n	<li>Dưới 2 tuổi: t&iacute;nh 30% gi&aacute; tour + Thuế (ngủ gh&eacute;p chung giường với người lớn)</li>\r\n	<li>Từ 2 &ndash; dưới 12 tuổi: 80% gi&aacute; tour + Thuế (ngủ gh&eacute;p giường với người lớn). Trường hợp c&oacute; 2 trẻ đi k&egrave;m th&igrave; đ&oacute;ng tiền cho 1 trẻ như người lơn để lấy th&ecirc;m giường ngủ.</li>\r\n	<li>Từ 12 tuổi trở l&ecirc;n t&iacute;nh bằng gi&aacute; tour người lớn.</li>\r\n</ul>\r\n\r\n<p>ĐĂNG K&Yacute; TOUR</p>\r\n\r\n<ul>\r\n	<li>Đăng k&iacute; tour, nộp tất cả c&aacute;c giấy tờ li&ecirc;n quan v&agrave; đặt cọc 50% tiền tour khi đăng k&yacute; tour</li>\r\n	<li><strong>Trường hợp Qu&yacute; kh&aacute;ch thanh to&aacute;n bằng c&agrave; thẻ ng&acirc;n h&agrave;ng hoặc thanh to&aacute;n qua cổng vnpay/onepay sẽ phụ thu th&ecirc;m ph&iacute; dịch vụ l&agrave; 3%.</strong></li>\r\n	<li>Đ&oacute;ng hết phần c&ograve;n lại trước 2 tuần khởi h&agrave;nh. Trường hợp Q&uacute;y kh&aacute;ch bị tư chối visa v&igrave; bất kỳ l&yacute; do g&igrave;, ch&uacute;ng t&ocirc;i sẽ ho&agrave;n lại tiền tour v&agrave; charge ph&iacute; visa 2.500.000vnđ.</li>\r\n	<li>Trường hợp Q&uacute;y kh&aacute;ch đ&atilde; c&oacute; visa sẽ được trừ lại 25usd.</li>\r\n	<li>Trường hợp Q&uacute;y kh&aacute;ch c&oacute; thẻ APEC sẽ kh&ocirc;ng trừ lại 25usd do ph&iacute; l&agrave;m thư mời.</li>\r\n</ul>\r\n\r\n<p>ĐIỀU KIỆN HỦY TOUR</p>\r\n\r\n<ul>\r\n	<li><em>Điều kiện hủy tour ng&agrave;y thường</em></li>\r\n	<li><em>Hủy tour ngay sau khi Đại Sứ Qu&aacute;n, L&atilde;nh Sự Qu&aacute;n đ&atilde; cấp visa: Chi ph&iacute; huỷ tour l&agrave; 100% tiền &nbsp;tour.</em></li>\r\n	<li><em>Hủy tour trước 60 ng&agrave;y trở l&ecirc;n trước ng&agrave;y khởi h&agrave;nh: Ph&iacute; huỷ tour l&agrave; 10% tr&ecirc;n tổng gi&aacute; tour.</em></li>\r\n	<li><em>Hủy tour trước 45 ng&agrave;y trước ng&agrave;y khởi h&agrave;nh: Ph&iacute; huỷ tour l&agrave; 20% tr&ecirc;n tổng gi&aacute; tour.</em></li>\r\n	<li><em>Hủy tour từ 30 - 45 ng&agrave;y trước ng&agrave;y khởi h&agrave;nh: Ph&iacute; huỷ tour l&agrave; 30% tr&ecirc;n tổng gi&aacute; tour.</em></li>\r\n	<li><em>Hủy tour từ 16 - 29 ng&agrave;y trước ng&agrave;y khởi h&agrave;nh: Ph&iacute; huỷ tour l&agrave; 60% tr&ecirc;n tổng gi&aacute; tour.</em></li>\r\n	<li><em>Hủy tour từ 08 - 15 ng&agrave;y trước ng&agrave;y khởi h&agrave;nh: Ph&iacute; huỷ tour l&agrave; 90% tr&ecirc;n tổng gi&aacute; tour.</em></li>\r\n	<li><em>Hủy tour từ 01 - 07 ng&agrave;y trước ng&agrave;y khởi h&agrave;nh: Ph&iacute; huỷ tour l&agrave; 100% tr&ecirc;n tổng gi&aacute; tour</em></li>\r\n	<li><em>Thời gian hủy tour được t&iacute;nh cho ng&agrave;y l&agrave;m việc, kh&ocirc;ng t&iacute;nh thứ bảy, chủ nhật v&agrave; c&aacute;c ng&agrave;y Lễ Tết.</em></li>\r\n	<li><em>C&aacute;c tour ng&agrave;y lễ, tết l&agrave; c&aacute;c tour c&oacute; thời gian diễn ra rơi v&agrave;o một trong c&aacute;c ng&agrave;y lễ, tết theo qui định.</em></li>\r\n</ul>\r\n\r\n<p><em>Việc huỷ bỏ chuyến đi phải được th&ocirc;ng b&aacute;o trực tiếp với C&ocirc;ng ty hoặc qua fax, email v&agrave; phải được C&ocirc;ng ty x&aacute;c nhận. Việc huỷ bỏ bằng điện thoại kh&ocirc;ng được chấp nhận.</em></p>\r\n\r\n<p>C&Aacute;C LƯU &Yacute; KH&Aacute;C</p>\r\n\r\n<ul>\r\n	<li>Du Lịch Việt kh&ocirc;ng ho&agrave;n tiền đối với Q&uacute;y kh&aacute;ch bỏ dở chương tr&igrave;nh du lịch với bất kỳ l&yacute; do g&igrave;.</li>\r\n	<li>Chương tr&igrave;nh tour c&oacute; thể thay đổi ph&ugrave; hợp với t&igrave;nh h&igrave;nh giao th&ocirc;ng, thời tiết thực tế hoặc sự thay đổi lịch bay do h&atilde;ng h&agrave;ng kh&ocirc;ng. DU LICH VIET được quyền thay đổi hoặc hủy bỏ bất kỳ điểm tham quan n&agrave;o c&oacute; thể g&acirc;y ảnh hưởng đến sự an to&agrave;n của Qu&yacute; kh&aacute;ch.</li>\r\n	<li>Do t&iacute;nh chất l&agrave; đo&agrave;n gh&eacute;p kh&aacute;ch lẻ, Du Lịch Việt sẽ c&oacute; tr&aacute;ch nhiệm thu nhận kh&aacute;ch cho đủ đo&agrave;n (10 kh&aacute;ch người lớn trở l&ecirc;n) th&igrave; đo&agrave;n sẽ khởi h&agrave;nh đ&uacute;ng lịch tr&igrave;nh. Nếu số lượng đo&agrave;n dưới 10 kh&aacute;ch, c&ocirc;ng ty c&oacute; tr&aacute;ch nhiệm th&ocirc;ng b&aacute;o cho kh&aacute;ch trước ng&agrave;y khởi h&agrave;nh 4 ng&agrave;y v&agrave; sẽ thỏa thuận lại ng&agrave;y khởi h&agrave;nh mới, hoặc ho&agrave;n trả lại to&agrave;n bộ số tiền cho kh&aacute;ch đ&atilde; đăng k&yacute; trước đ&oacute;.</li>\r\n	<li>C&aacute;c trường hợp kh&aacute;ch quan như : thi&ecirc;n tai, dịch bệnh, thay đổi về kh&iacute; hậu &ndash; thời tiết, chuyến bay bị hủy hoặc ho&atilde;n do h&atilde;ng h&agrave;ng kh&ocirc;ng, chiến tranh, đ&igrave;nh c&ocirc;ng, bạo động, ch&iacute;nh s&aacute;ch visa của LSQ&hellip; dẫn đến tour kh&ocirc;ng thể thực hiện th&igrave; Cty sẽ ho&agrave;n tiền tour lại cho Qu&yacute; kh&aacute;ch sau khi đ&atilde; thương lượng với c&aacute;c nh&agrave; cung cấp dịch vụ ( xe, nh&agrave; h&agrave;ng, kh&aacute;ch sạn&hellip;.) v&agrave; đ&atilde; trừ lại c&aacute;c chi ph&iacute; dịch vụ đ&atilde; thực hiện (chi ph&iacute; l&agrave;m visa&hellip;); Du Lịch Việt kh&ocirc;ng chịu tr&aacute;ch nhiệm bồi thường bất kỳ chi ph&iacute; n&agrave;o kh&aacute;c.</li>\r\n	<li>Trường hợp kh&aacute;ch từ 75 tuổi phải k&yacute; giấy x&aacute;c nhận sức khỏe v&agrave; đi k&egrave;m 1 người th&acirc;n từ 18 &ndash; 55 tuổi.</li>\r\n	<li>Trẻ em dưới 18 tuổi phải c&oacute; bố mẹ hoặc người th&acirc;n (tr&ecirc;n 18 tuổi đầy đủ về sức khỏe) đi c&ugrave;ng.</li>\r\n	<li>Trường hợp trẻ em dưới 18 tuổi: Nếu đi c&ugrave;ng bố/mẹ phải mang theo giấy khai sinh c&oacute; dấu mộc đỏ, nếu kh&ocirc;ng đi c&ugrave;ng bố/mẹ phải mang theo giấy ủy quyền c&oacute; x&aacute;c nhận của ch&iacute;nh quyền địa phương.</li>\r\n	<li>V&igrave; sự an to&agrave;n v&agrave; thuận lợi cho Qu&yacute; kh&aacute;ch, C&ocirc;ng ty kh&ocirc;ng nhận phục vụ kh&aacute;ch mang thai</li>\r\n	<li>Du Lịch Việt được quyền sử dụng h&igrave;nh ảnh của Qu&yacute; kh&aacute;ch sau chuyến đi cho c&ocirc;ng t&aacute;c quảng b&aacute;, giới thiệu tour</li>\r\n</ul>', 1, 1, 20, 1, 25999000, NULL, 10000000, 15000000, NULL, 0, 0, b'0', b'1', 4, '2020-10-13 02:27:43', '2020-10-13 02:28:25'),
(10, 'Du lịch Singapore - Malaysia 5 ngày bay Vietjet Air từ Sài Gòn 2020', 'du-lich-singapore-malaysia-5-ngay-bay-vietjet-air-tu-sai-gon-2020', 10, 'uploads/tour/1602651439_jpg', '2020-10-22', '2020-10-26', 4, '<p>NG&Agrave;Y 1 |&nbsp;TP.HỒ CH&Iacute; MINH &ndash; SINGAPORE (Ăn trưa, Ăn tối)</p>\r\n\r\n<p>Qu&yacute; kh&aacute;ch tập trung tại ga quốc tế - s&acirc;n bay T&acirc;n Sơn Nhất l&agrave;m thủ tục đ&aacute;p chuyến bay&nbsp;<strong>VJ811(09:00-12:05)</strong>&nbsp;đi Singapore. Tới s&acirc;n bay quốc tế Changi (Singapore), xe v&agrave; hướng dẫn vi&ecirc;n sẽ đ&oacute;n đo&agrave;n đi ăn trưa Buffet Barbecue H&agrave;n Quốc. Sau đ&oacute;, đo&agrave;n tiếp tục tham quan&nbsp;:</p>\r\n\r\n<ul>\r\n	<li><strong>Garden by the Bay &ndash;&nbsp;</strong>kỳ quan mới của đất nước Singapore, quy tụ h&agrave;ng ngh&igrave;n loại thực vật từ khắp nơi tr&ecirc;n Thế Giới. Ngo&agrave;i ra c&ograve;n c&oacute; 18 si&ecirc;u c&acirc;y&nbsp; thẳng đứng cao từ 15 &ndash; 25m với chức năng hấp thụ nhiệt v&agrave; tản nhiệt để mang lại kh&ocirc;ng kh&iacute; m&aacute;t mẻ cho th&agrave;nh phố (kh&ocirc;ng bao gồm chi ph&iacute; v&agrave;otham quan c&aacute;c dome).</li>\r\n</ul>\r\n\r\n<p>Sau đ&oacute;, Xe đưa đo&agrave;n đi ngang v&agrave; ngắm nh&igrave;n t&ograve;a Nh&agrave; Quốc Hội.</p>\r\n\r\n<ul>\r\n	<li><strong>C&ocirc;ng vi&ecirc;n Merlion&nbsp;</strong>&ndash; chụp h&igrave;nh lưu niệm với tượng Sư Tử biển, biểu tượng Đảo quốc Singapore</li>\r\n	<li><strong>Nh&agrave; h&aacute;t Opera Esplanade</strong>&nbsp;&ndash; Với kiến tr&uacute;c rất độc đ&aacute;o mang h&igrave;nh d&aacute;ng tr&aacute;i sầu ri&ecirc;ng.</li>\r\n</ul>\r\n\r\n<p>Đo&agrave;n khởi h&agrave;nh đi Đảo Sentosa để chi&ecirc;m ngưỡng sự kết hợp h&agrave;i h&ograve;a giữa một khu vui chơi giải tr&iacute; nhiệt đới v&agrave; c&ocirc;ng vi&ecirc;n thi&ecirc;n nhi&ecirc;n thu h&uacute;t du kh&aacute;ch từ nhiều nơi tr&ecirc;n thế giới. Qu&yacute; kh&aacute;ch sẽ được kh&aacute;m ph&aacute; c&aacute;c điểm tham quan như:</p>\r\n\r\n<ul>\r\n	<li>Thỏa sức chụp ảnh b&ecirc;n ngo&agrave;i C&ocirc;ng vi&ecirc;n giải tr&iacute;&nbsp;h&agrave;ng đầu thế giới&nbsp;<strong>Universal Studio.</strong>&nbsp;(Ch&iacute; ph&iacute; v&agrave;o cổng tự t&uacute;c)</li>\r\n	<li><strong>Sea Aquarium</strong>&nbsp;&ndash; khu đại dương nh&acirc;n tạo khổng lồ m&ocirc; phỏng 49 m&ocirc;i trường sống kh&aacute;c nhau c&ugrave;ng với c&aacute;ch thiết kế cực kỳ ấn tượng. Đ&acirc;y được xem l&agrave; thủy cung lớn nhất thế giới, trưng b&agrave;y hơn 100.000 sinh vật biển thuộc 800 lo&agrave;i. Ngo&agrave;i ra, c&ograve;n c&oacute; tới 20.000 loại san h&ocirc;. Nơi đ&acirc;y cũng c&oacute; d&ograve;ng s&ocirc;ng lười d&agrave;i nhất thế giới, khoảng 620 m&eacute;t.</li>\r\n	<li>Sau bữa tối tại nh&agrave; h&agrave;ng, Qu&yacute; kh&aacute;ch thưởng thức chương tr&igrave;nh nhạc nước tại&nbsp;<strong>Marnia Bay Sand.&nbsp;</strong></li>\r\n	<li>Nhận ph&ograve;ng kh&aacute;ch sạn v&agrave; nghỉ ngơi. Nghỉ đ&ecirc;m tại&nbsp;<strong>Singapore.&nbsp;</strong></li>\r\n</ul>\r\n\r\n<p>&nbsp;</p>\r\n\r\n<p>NG&Agrave;Y 2 |&nbsp;SINGAPORE - MALACCA (Ăn ba bữa)</p>\r\n\r\n<p>Ăn s&aacute;ng, l&agrave;m thủ tục trả ph&ograve;ng. Đo&agrave;n khởi h&agrave;nh tham quan:</p>\r\n\r\n<ul>\r\n	<li><strong>Xưởng chế t&aacute;c kim cương</strong></li>\r\n	<li><strong>Cửa h&agrave;ng dầu gi&oacute; nổi tiếng của Singapore</strong></li>\r\n</ul>\r\n\r\n<p>Đo&agrave;n khởi h&agrave;nh đi Mallacca qua cửa khẩu Tuas Link. Ăn trưa tại Johor Baru.<br />\r\nSau bữa trưa, đo&agrave;n tiếp tục khởi h&agrave;nh đi Malacca. Đến Malacca, đo&agrave;n tham quan&nbsp;:</p>\r\n\r\n<ul>\r\n	<li><strong>Quảng trường H&agrave; Lan</strong></li>\r\n	<li><strong>Đền Thanh V&acirc;n</strong></li>\r\n	<li><strong>Di T&iacute;ch Ph&aacute;o Đ&agrave;i Cổ Bồ Đ&agrave;o Nha</strong></li>\r\n	<li><strong>Di T&iacute;ch Th&aacute;ch Đường Saint Paul</strong></li>\r\n</ul>\r\n\r\n<p>Ăn tối tại nh&agrave; h&agrave;ng địa phương. Nhận ph&ograve;ng kh&aacute;ch sạn nghỉ ngơi. Nghỉ đ&ecirc;m tại&nbsp;<strong>Malacca.</strong></p>\r\n\r\n<p>&nbsp;</p>\r\n\r\n<p>NG&Agrave;Y 3 |&nbsp;MALACCA &ndash; KUALA LUMPUR (Ăn ba bữa)</p>\r\n\r\n<p>Ăn sáng, khởi h&agrave;nh đi Kuala Lumpur. Đến thủ đ&ocirc;, cả đo&agrave;n tham quan:</p>\r\n\r\n<ul>\r\n	<li><strong>Cung Điện Ho&agrave;ng Gia</strong></li>\r\n	<li><strong>Quảng trường Độc Lập</strong></li>\r\n	<li><strong>Chụp h&igrave;nh b&ecirc;n ngo&agrave;i t&ograve;a th&aacute;p Đ&ocirc;i Twin Tower Petronas</strong></li>\r\n	<li><strong>Tượng Đ&agrave;i Chiến Thắng</strong></li>\r\n</ul>\r\n\r\n<p>Chi&ecirc;̀u tham quan mua sắm tại cửa h&agrave;ng Chocolate, trung t&acirc;m thương mại&nbsp;</p>\r\n\r\n<ul>\r\n	<li>Ăn tối v&agrave; nghỉ đ&ecirc;mkh&aacute;ch sạn 3* tại&nbsp;<strong>Kuala Lumpur.</strong></li>\r\n</ul>\r\n\r\n<p>&nbsp;</p>\r\n\r\n<p>NG&Agrave;Y 4 |&nbsp;KUALA LUMPUR &ndash; GENTING (Ăn ba bữa)</p>\r\n\r\n<p>Ăn s&aacute;ng. Đo&agrave;n khởi h&agrave;nh đi Genting, tr&ecirc;n đường đi,</p>\r\n\r\n<ul>\r\n	<li>Qu&yacute; kh&aacute;ch tham quan&nbsp;<strong>động Batu cao 272 bậc thang</strong>, cửa h&agrave;ng đồng hồ, cửa h&agrave;ng đ&aacute; đen phong thủy, đặc sản địa phương.</li>\r\n	<li><strong>Đo&agrave;n l&ecirc;n thăm Genting</strong>&nbsp;&ndash; một trung t&acirc;m vui chơi giải tr&iacute; lớn nhất Malaysia. Tự do tham quan khu giải tr&iacute; Theme Park v&agrave; thử vận may tại s&ograve;ng b&agrave;i casino. Sức h&uacute;t mạnh nhất của cao nguy&ecirc;n Genting đến từ c&aacute;c s&ograve;ng bạc (hoạt động hợp ph&aacute;p). C&aacute;c s&ograve;ng bạc được trang bị một số lượng m&aacute;y đ&aacute;nh bạc khổng lồ, hiện&nbsp; đại bậc nhất thế giới, với đủ mọi tr&ograve; v&agrave; mở cửa 24/24h v&agrave;o tất cả c&aacute;c ng&agrave;y trong tuần. Đến với Genting du kh&aacute;ch c&ograve;n được shopping thoải m&aacute;i, v&igrave; xung quanh đ&acirc;y c&oacute; rất nhiều khu ăn uống, thương mại sầm uất. Genting c&oacute; thể đ&aacute;p ứng tất cả c&aacute;c nhu cầu dịch vụ từ vui chơi giải tr&iacute; đến mua sắm cho du kh&aacute;ch. Qu&yacute; &ocirc;ng c&oacute; thể thử vận may ở khu casino, c&ograve;n qu&yacute; b&agrave; v&agrave; qu&yacute; c&ocirc; c&oacute; thể tham gia khu vui chơi hiện đại hoặc shopping.&nbsp;</li>\r\n</ul>\r\n\r\n<p>Đo&agrave;n khởi h&agrave;nh về lại Kuala Lumpur.Nghỉ đ&ecirc;m tại kh&aacute;ch sạn 3* tại&nbsp;<strong>Kuala Lumpur</strong></p>\r\n\r\n<p>&nbsp;</p>\r\n\r\n<p>NG&Agrave;Y 5 |&nbsp;KUALA LUMPUR &ndash; TP.HỒ CH&Iacute; MINH (Ăn s&aacute;ng)</p>\r\n\r\n<p>Ăn sáng, l&agrave;m thủ tục trả ph&ograve;ng kh&aacute;ch sạn.</p>\r\n\r\n<ul>\r\n	<li>Sau đ&oacute;, xe v&agrave; hướng dẫn vi&ecirc;n đưa đoàn đi tham quan&nbsp;<strong>thành ph&ocirc;́ th&ocirc;ng minh Putrayaja</strong>&nbsp;-thủ phủ h&agrave;nh ch&iacute;nh của Malaysiađược x&acirc;y dựng với nhiều loại h&igrave;nh kiến tr&uacute;c đặc trưng, thăm quan v&agrave; chụp h&igrave;nh b&ecirc;n ngo&agrave;i Dinh Thủ Tướng, Nhà thờ H&ocirc;̀i Giáo, hồ nước nh&acirc;n tạo.</li>\r\n</ul>\r\n\r\n<p>Ăn trưa tự t&uacute;c, sau đ&oacute;, xe v&agrave; hướng dẫn vi&ecirc;n tiễn đo&agrave;n ra s&acirc;n bay đáp chuyến&nbsp; bay&nbsp;<strong>VJ826 (13:00-13:55)</strong>&nbsp;về TP.HCM.&nbsp;Kết th&uacute;c chuyến đi. Chia tay và hẹn gặp lại.</p>', '<p>GI&Aacute; BAO GỒM</p>\r\n\r\n<ul>\r\n	<li>V&eacute; m&aacute;y bay khứ hồi (7kg h&agrave;nh l&yacute; x&aacute;ch tay, 20kg h&agrave;nh l&yacute; k&yacute; gửi)</li>\r\n	<li>Kh&aacute;ch sạn ti&ecirc;u chuẩn 3* địa phương (2 người/ph&ograve;ng, ph&ograve;ng ba sẽ được bố tr&iacute; khi cần thiết gồm 1 giường lớn + 1extra bed/ sofa bed (đối với kh&aacute;ch sạn Ibis style- Kula Lumpur).</li>\r\n	<li><em>Kh&aacute;ch sạn tại Singapore: Aqueen Paya Lebar, Ibis Novena, Re, hoặc tương đương</em></li>\r\n	<li><em>Kh&aacute;ch sạn tại Malacca: Eco Tree, Alvilion, Mid City hoặc tương đương</em></li>\r\n	<li><em>Kh&aacute;ch sạn tại Kuala Lumpur3*: Ibis, Pear International, Pudu Plazza, Central Pudu hoặc tương đương</em></li>\r\n	<li>Bảo hiểm Du Lịch (210.000.000VNĐ/ trường hợp). Kh&ocirc;ng &aacute;p dụng cho kh&aacute;ch từ 80 tuổi trở l&ecirc;n.</li>\r\n	<li>Ăn uống c&aacute;c bữa ăn theo chương tr&igrave;nh. Xe đưa đ&oacute;n v&agrave; ph&iacute; thăm quan theo chương tr&igrave;nh.</li>\r\n	<li>Hướng dẫn vi&ecirc;n tiếng Việt suốt tuyến v&agrave; HDV địa phương nhiệt t&igrave;nh, kinh nghiệm.</li>\r\n	<li>Qu&agrave; tặng của c&ocirc;ng ty Du Lịch Việt.</li>\r\n</ul>\r\n\r\n<p>KH&Ocirc;NG BAO GỒM</p>\r\n\r\n<ul>\r\n	<li>Hộ chiếu c&ograve;n hiệu lực 6 th&aacute;ng t&iacute;nh đến ng&agrave;y về.<em>Nếu qu&yacute; kh&aacute;ch c&oacute; chỉnh sửa th&ocirc;ng tin ở phần bị ch&uacute;, vui l&ograve;ng b&aacute;o với c&ocirc;ng ty du lịch. Mọi sai s&oacute;t c&ocirc;ng ty du lịch kh&ocirc;ng chịu tr&aacute;ch nhiệm.</em></li>\r\n	<li>Ph&iacute; h&agrave;nh l&yacute; qu&aacute; cước v&agrave; c&aacute;c chi ph&iacute; c&aacute; nh&acirc;n kh&aacute;c.</li>\r\n	<li>Visa t&aacute;i nhập Việt Nam cho người quốc tịch nước ngo&agrave;i 35usd/kh&aacute;ch/lần. Ri&ecirc;ng những nước được miễn visa Việt Nam như: Anh, Ph&aacute;p, Đức, T&acirc;y Ban Nha, Italia, Nhật Bản, H&agrave;n Quốc, Nauy, Phần Lan, Đan Mạch, Thụy Điển, Nga&hellip; để được miễn visa th&igrave; c&aacute;c lần nhập cảnh v&agrave;o Việt Nam phải c&aacute;ch nhau từ 30 ng&agrave;y trở l&ecirc;n, nếu dưới 30 ng&agrave;y th&igrave; phải l&agrave;m c&ocirc;ng văn t&aacute;i nhập 115usd/kh&aacute;ch/lần. Đối với trường hợp kh&aacute;ch c&oacute; visa Việt Nam nhiều lần, kh&aacute;ch kh&ocirc;ng cần l&agrave;m visa t&aacute;i nhập nhưng lưu &yacute; mỗi lần nhập cảnh kh&ocirc;ng qu&aacute; từ 3 đến 6 th&aacute;ng (t&ugrave;y theo visa).<strong>&nbsp;</strong><strong>Q&uacute;y kh&aacute;ch mang theo 2 tấm h&igrave;nh 4*6 (ph&ocirc;ng nền trắng) khi đi tour đề l&agrave;m thủ tục visa VN khi quay về VN</strong></li>\r\n	<li><strong>Tiền bồi dưỡng cho hướng dẫn địa phương&nbsp;</strong><strong>400.000đ/kh&aacute;ch/tour.&nbsp;<em>(Qu&yacute; kh&aacute;ch vui l&ograve;ng ho&agrave;n tất trước khi tour khởi h&agrave;nh)</em></strong></li>\r\n	<li>Xe đưa đ&oacute;n s&acirc;n bay</li>\r\n</ul>', 1, 2, 20, 0, 8999000, 1000000, 1500000, 2000000, 0, 0, 0, b'0', b'1', 4, '2020-10-13 21:57:19', '2020-10-13 22:31:19');

-- --------------------------------------------------------

--
-- Cấu trúc bảng cho bảng `transports`
--

CREATE TABLE `transports` (
  `id` bigint(20) UNSIGNED NOT NULL,
  `name` varchar(100) COLLATE utf8mb4_unicode_ci NOT NULL,
  `image` varchar(255) COLLATE utf8mb4_unicode_ci NOT NULL,
  `brand_id` tinyint(3) DEFAULT 0,
  `is_active` bit(1) DEFAULT b'0',
  `created_at` timestamp NULL DEFAULT NULL,
  `updated_at` timestamp NULL DEFAULT NULL
) ENGINE=InnoDB DEFAULT CHARSET=utf8mb4 COLLATE=utf8mb4_unicode_ci;

--
-- Đang đổ dữ liệu cho bảng `transports`
--

INSERT INTO `transports` (`id`, `name`, `image`, `brand_id`, `is_active`, `created_at`, `updated_at`) VALUES
(1, 'Máy bay', 'uploads/transport/1598524418_jpg', 0, b'1', '2020-08-27 03:33:38', '2020-08-27 07:03:59'),
(2, 'Ô tô', 'uploads/transport/1598524432_jpg', 0, b'1', '2020-08-27 03:33:52', '2020-08-27 03:33:52'),
(3, 'Tàu hỏa', 'uploads/transport/1598524446_jpg', 0, b'1', '2020-08-27 03:34:06', '2020-08-27 03:34:06'),
(4, 'Tàu thủy', 'uploads/transport/1598524458_jpg', 0, b'1', '2020-08-27 03:34:18', '2020-08-27 03:34:18');

-- --------------------------------------------------------

--
-- Cấu trúc bảng cho bảng `users`
--

CREATE TABLE `users` (
  `id` int(10) UNSIGNED NOT NULL,
  `name` varchar(255) COLLATE utf8mb4_unicode_ci NOT NULL,
  `email` varchar(255) COLLATE utf8mb4_unicode_ci NOT NULL,
  `password` varchar(255) COLLATE utf8mb4_unicode_ci NOT NULL,
  `remember_token` varchar(100) COLLATE utf8mb4_unicode_ci DEFAULT '0',
  `created_at` timestamp NULL DEFAULT NULL,
  `updated_at` timestamp NULL DEFAULT NULL,
  `role_id` tinyint(3) DEFAULT 0,
  `avatar` varchar(255) COLLATE utf8mb4_unicode_ci DEFAULT NULL,
  `is_active` tinyint(4) NOT NULL DEFAULT 0
) ENGINE=InnoDB DEFAULT CHARSET=utf8mb4 COLLATE=utf8mb4_unicode_ci ROW_FORMAT=DYNAMIC;

--
-- Đang đổ dữ liệu cho bảng `users`
--

INSERT INTO `users` (`id`, `name`, `email`, `password`, `remember_token`, `created_at`, `updated_at`, `role_id`, `avatar`, `is_active`) VALUES
(1, 'Hoàng Dũng', 'hcdung209@gmail.com', '$2y$10$TNWZo9WER49I.Z5ad4hIMO/cQRYAn8nMXOSgajlfo/pO.LEaXLKxq', NULL, '2020-04-10 21:24:51', '2020-05-19 12:32:10', 1, 'uploads/user/1586579091_Tổng-hợp-hình-ảnh-avatar-dễ-thương-làm-hình-đại-diện-đẹp-nhất-1.jpg', 1),
(2, 'Ngọc Hà', 'ngocha18082407@gmail.com', '2345678', NULL, '2020-04-10 21:25:55', '2020-04-10 21:25:55', 2, 'uploads/user/1586579155_tai-hinh-chibi-bst.jpg', 1),
(4, 'huy', 'huycan1482@gmail.com', '$2y$10$W6dDKKII/L0BJhteDWsR5OFHJn1JtHj9j1Uf./nMSBOBKYJ.rB02i', '76579b94b85ca3c06fb408ed157547f9196877a7', '2020-09-18 04:38:33', '2021-08-10 05:26:41', NULL, 'uploads/user/1600501654_fafca502007cbf7edc6e04fc06f15f17.jpg', 1);

--
-- Chỉ mục cho các bảng đã đổ
--

--
-- Chỉ mục cho bảng `categories`
--
ALTER TABLE `categories`
  ADD PRIMARY KEY (`id`);

--
-- Chỉ mục cho bảng `contacts`
--
ALTER TABLE `contacts`
  ADD PRIMARY KEY (`id`);

--
-- Chỉ mục cho bảng `images`
--
ALTER TABLE `images`
  ADD PRIMARY KEY (`id`);

--
-- Chỉ mục cho bảng `migrations`
--
ALTER TABLE `migrations`
  ADD PRIMARY KEY (`id`);

--
-- Chỉ mục cho bảng `orders`
--
ALTER TABLE `orders`
  ADD PRIMARY KEY (`id`);

--
-- Chỉ mục cho bảng `order_status`
--
ALTER TABLE `order_status`
  ADD PRIMARY KEY (`id`);

--
-- Chỉ mục cho bảng `positions`
--
ALTER TABLE `positions`
  ADD PRIMARY KEY (`id`);

--
-- Chỉ mục cho bảng `settings`
--
ALTER TABLE `settings`
  ADD PRIMARY KEY (`id`);

--
-- Chỉ mục cho bảng `tours`
--
ALTER TABLE `tours`
  ADD PRIMARY KEY (`id`),
  ADD KEY `category_id` (`category_id`);

--
-- Chỉ mục cho bảng `transports`
--
ALTER TABLE `transports`
  ADD PRIMARY KEY (`id`);

--
-- Chỉ mục cho bảng `users`
--
ALTER TABLE `users`
  ADD PRIMARY KEY (`id`) USING BTREE,
  ADD UNIQUE KEY `users_email_unique` (`email`) USING BTREE;

--
-- AUTO_INCREMENT cho các bảng đã đổ
--

--
-- AUTO_INCREMENT cho bảng `categories`
--
ALTER TABLE `categories`
  MODIFY `id` bigint(20) UNSIGNED NOT NULL AUTO_INCREMENT, AUTO_INCREMENT=28;

--
-- AUTO_INCREMENT cho bảng `contacts`
--
ALTER TABLE `contacts`
  MODIFY `id` bigint(20) NOT NULL AUTO_INCREMENT, AUTO_INCREMENT=7;

--
-- AUTO_INCREMENT cho bảng `images`
--
ALTER TABLE `images`
  MODIFY `id` bigint(20) UNSIGNED NOT NULL AUTO_INCREMENT, AUTO_INCREMENT=18;

--
-- AUTO_INCREMENT cho bảng `migrations`
--
ALTER TABLE `migrations`
  MODIFY `id` int(10) UNSIGNED NOT NULL AUTO_INCREMENT, AUTO_INCREMENT=9;

--
-- AUTO_INCREMENT cho bảng `orders`
--
ALTER TABLE `orders`
  MODIFY `id` bigint(20) UNSIGNED NOT NULL AUTO_INCREMENT, AUTO_INCREMENT=7;

--
-- AUTO_INCREMENT cho bảng `order_status`
--
ALTER TABLE `order_status`
  MODIFY `id` int(11) NOT NULL AUTO_INCREMENT, AUTO_INCREMENT=5;

--
-- AUTO_INCREMENT cho bảng `positions`
--
ALTER TABLE `positions`
  MODIFY `id` bigint(20) UNSIGNED NOT NULL AUTO_INCREMENT, AUTO_INCREMENT=3;

--
-- AUTO_INCREMENT cho bảng `settings`
--
ALTER TABLE `settings`
  MODIFY `id` int(11) NOT NULL AUTO_INCREMENT, AUTO_INCREMENT=2;

--
-- AUTO_INCREMENT cho bảng `tours`
--
ALTER TABLE `tours`
  MODIFY `id` bigint(20) UNSIGNED NOT NULL AUTO_INCREMENT, AUTO_INCREMENT=11;

--
-- AUTO_INCREMENT cho bảng `transports`
--
ALTER TABLE `transports`
  MODIFY `id` bigint(20) UNSIGNED NOT NULL AUTO_INCREMENT, AUTO_INCREMENT=5;

--
-- AUTO_INCREMENT cho bảng `users`
--
ALTER TABLE `users`
  MODIFY `id` int(10) UNSIGNED NOT NULL AUTO_INCREMENT, AUTO_INCREMENT=5;

--
-- Các ràng buộc cho các bảng đã đổ
--

--
-- Các ràng buộc cho bảng `tours`
--
ALTER TABLE `tours`
  ADD CONSTRAINT `tours_ibfk_1` FOREIGN KEY (`category_id`) REFERENCES `categories` (`id`),
  ADD CONSTRAINT `tours_ibfk_2` FOREIGN KEY (`category_id`) REFERENCES `categories` (`id`);
COMMIT;

/*!40101 SET CHARACTER_SET_CLIENT=@OLD_CHARACTER_SET_CLIENT */;
/*!40101 SET CHARACTER_SET_RESULTS=@OLD_CHARACTER_SET_RESULTS */;
/*!40101 SET COLLATION_CONNECTION=@OLD_COLLATION_CONNECTION */;
